{
    "periodicna": [
        {
            "dan": 4,
            "semestar": "zimski",
            "pocetak": "11:00",
            "kraj": "16:00",
            "naziv": "1-01",
            "predavac": "NN"
        },
        {
            "dan": 3,
            "semestar": "ljetni",
            "pocetak": "11:00",
            "kraj": "16:00",
            "naziv": "1-01",
            "predavac": "NN"
        },
        {
            "dan": 1,
            "semestar": "zimski",
            "pocetak": "10:00",
            "kraj": "15:00",
            "naziv": "1-01",
            "predavac": "NN"
        },
        {
            "dan": 1,
            "semestar": "ljetni",
            "pocetak": "10:00",
            "kraj": "15:00",
            "naziv": "1-01",
            "predavac": "NN"
        }
    ],
    "vanredna": [
        {
            "datum": "5.12.2020",
            "pocetak": "10:00",
            "kraj": "13:00",
            "naziv": "1-01",
            "predavac": "NN"
        },
        {
            "datum": "1.8.2020",
            "pocetak": "10:00",
            "kraj": "13:59",
            "naziv": "0-09",
            "predavac": "NN"
        },
        {
            "datum": "23.11.2020",
            "pocetak": "11:00",
            "kraj": "16:00",
            "naziv": "1-01",
            "predavac": "NN"
        },
        {
            "datum": "23.12.2020",
            "pocetak": "11:00",
            "kraj": "16:00",
            "naziv": "1-01",
            "predavac": "NN"
        },
        {
            "datum": "8.4.2019",
            "pocetak": "10:00",
            "kraj": "15:00",
            "naziv": "1-01",
            "predavac": "NN"
        },
        {
            "datum": "1.8.2019",
            "pocetak": "10:00",
            "kraj": "15:00",
            "naziv": "0-09",
            "predavac": "NN"
        }
    ]
}