{
  "testId" : "1-pocetna.gspec",
  "name" : "pocetna.gspec",
  "report" : {
    "nodes" : [ {
      "name" : "Mutation test",
      "status" : "info",
      "nodes" : [ {
        "name" : "check  pocetna.gspec --url http://localhost:8081/pocetna.html --size 1024x800 --htmlreport pokrivenostIzvjestaji/pocetna",
        "status" : "info",
        "nodes" : [ {
          "name" : "Check layout: pocetna.gspec included tags: ",
          "status" : "info",
          "time" : 1573649405414,
          "sections" : [ {
            "name" : "Meni section",
            "place" : {
              "filePath" : "pocetna.gspec",
              "lineNumber" : 12
            },
            "objects" : [ {
              "name" : "logo",
              "specs" : [ {
                "status" : "info",
                "place" : {
                  "filePath" : "pocetna.gspec",
                  "lineNumber" : 14
                },
                "name" : "inside meni",
                "meta" : [ ],
                "highlight" : [ "logo", "meni" ]
              }, {
                "status" : "info",
                "place" : {
                  "filePath" : "pocetna.gspec",
                  "lineNumber" : 15
                },
                "name" : "above lista",
                "meta" : [ {
                  "from" : {
                    "object" : "logo",
                    "edge" : "bottom"
                  },
                  "to" : {
                    "object" : "lista",
                    "edge" : "top"
                  },
                  "expectedDistance" : ">= 0px",
                  "realDistance" : "0px"
                } ],
                "highlight" : [ "logo", "lista" ]
              } ]
            }, {
              "name" : "lista",
              "specs" : [ {
                "status" : "info",
                "place" : {
                  "filePath" : "pocetna.gspec",
                  "lineNumber" : 18
                },
                "name" : "inside meni",
                "meta" : [ ],
                "highlight" : [ "lista", "meni" ]
              }, {
                "status" : "info",
                "place" : {
                  "filePath" : "pocetna.gspec",
                  "lineNumber" : 19
                },
                "name" : "below logo",
                "meta" : [ {
                  "from" : {
                    "object" : "lista",
                    "edge" : "top"
                  },
                  "to" : {
                    "object" : "logo",
                    "edge" : "bottom"
                  },
                  "expectedDistance" : ">= 0px",
                  "realDistance" : "0px"
                } ],
                "highlight" : [ "lista", "logo" ]
              }, {
                "status" : "info",
                "place" : {
                  "filePath" : "pocetna.gspec",
                  "lineNumber" : 20
                },
                "name" : "css list-style is \"outside none none\"",
                "highlight" : [ "lista" ]
              } ]
            }, {
              "name" : "elementListe",
              "specs" : [ {
                "status" : "info",
                "place" : {
                  "filePath" : "pocetna.gspec",
                  "lineNumber" : 23
                },
                "name" : "css display is \"inline\"",
                "highlight" : [ "elementListe" ]
              } ]
            }, {
              "name" : "aktivni",
              "specs" : [ {
                "status" : "info",
                "place" : {
                  "filePath" : "pocetna.gspec",
                  "lineNumber" : 26
                },
                "name" : "css text-decoration is \"none solid rgb(25, 7, 136)\"",
                "highlight" : [ "aktivni" ]
              }, {
                "status" : "info",
                "place" : {
                  "filePath" : "pocetna.gspec",
                  "lineNumber" : 27
                },
                "name" : "text is \"Po�?etna\"",
                "highlight" : [ "aktivni" ]
              } ]
            }, {
              "name" : "meni",
              "specs" : [ {
                "status" : "info",
                "place" : {
                  "filePath" : "pocetna.gspec",
                  "lineNumber" : 30
                },
                "name" : "above sadrzaj",
                "meta" : [ {
                  "from" : {
                    "object" : "meni",
                    "edge" : "bottom"
                  },
                  "to" : {
                    "object" : "sadrzaj",
                    "edge" : "top"
                  },
                  "expectedDistance" : ">= 0px",
                  "realDistance" : "10px"
                } ],
                "highlight" : [ "meni", "sadrzaj" ]
              }, {
                "status" : "info",
                "place" : {
                  "filePath" : "pocetna.gspec",
                  "lineNumber" : 31
                },
                "name" : "centered horizontally inside body",
                "highlight" : [ "meni", "body" ]
              }, {
                "status" : "info",
                "place" : {
                  "filePath" : "pocetna.gspec",
                  "lineNumber" : 32
                },
                "name" : "contains partly logo",
                "highlight" : [ "meni", "logo" ]
              } ]
            } ]
          }, {
            "name" : "Main section",
            "place" : {
              "filePath" : "pocetna.gspec",
              "lineNumber" : 34
            },
            "objects" : [ {
              "name" : "sadrzaj",
              "specs" : [ {
                "status" : "info",
                "place" : {
                  "filePath" : "pocetna.gspec",
                  "lineNumber" : 36
                },
                "name" : "below meni",
                "meta" : [ {
                  "from" : {
                    "object" : "sadrzaj",
                    "edge" : "top"
                  },
                  "to" : {
                    "object" : "meni",
                    "edge" : "bottom"
                  },
                  "expectedDistance" : ">= 0px",
                  "realDistance" : "10px"
                } ],
                "highlight" : [ "sadrzaj", "meni" ]
              }, {
                "status" : "info",
                "place" : {
                  "filePath" : "pocetna.gspec",
                  "lineNumber" : 37
                },
                "name" : "centered horizontally inside body",
                "highlight" : [ "sadrzaj", "body" ]
              }, {
                "status" : "info",
                "place" : {
                  "filePath" : "pocetna.gspec",
                  "lineNumber" : 38
                },
                "name" : "contains slika",
                "highlight" : [ "sadrzaj", "slika" ]
              } ]
            }, {
              "name" : "slika",
              "specs" : [ {
                "status" : "info",
                "place" : {
                  "filePath" : "pocetna.gspec",
                  "lineNumber" : 41
                },
                "name" : "css width is \"202px\"",
                "highlight" : [ "slika" ]
              }, {
                "status" : "info",
                "place" : {
                  "filePath" : "pocetna.gspec",
                  "lineNumber" : 42
                },
                "name" : "css height is \"202px\"",
                "highlight" : [ "slika" ]
              }, {
                "status" : "info",
                "place" : {
                  "filePath" : "pocetna.gspec",
                  "lineNumber" : 43
                },
                "name" : "inside sadrzaj",
                "meta" : [ ],
                "highlight" : [ "slika", "sadrzaj" ]
              }, {
                "status" : "info",
                "place" : {
                  "filePath" : "pocetna.gspec",
                  "lineNumber" : 44
                },
                "name" : "aligned horizontally all slika",
                "highlight" : [ "slika", "slika" ]
              }, {
                "status" : "info",
                "place" : {
                  "filePath" : "pocetna.gspec",
                  "lineNumber" : 45
                },
                "name" : "aligned vertically all slika",
                "highlight" : [ "slika", "slika" ]
              } ]
            }, {
              "name" : "okvir",
              "specs" : [ {
                "status" : "info",
                "place" : {
                  "filePath" : "pocetna.gspec",
                  "lineNumber" : 48
                },
                "name" : "css padding is \"5px\"",
                "highlight" : [ "okvir" ]
              }, {
                "status" : "info",
                "place" : {
                  "filePath" : "pocetna.gspec",
                  "lineNumber" : 49
                },
                "name" : "css display is \"block\"",
                "highlight" : [ "okvir" ]
              }, {
                "status" : "info",
                "place" : {
                  "filePath" : "pocetna.gspec",
                  "lineNumber" : 50
                },
                "name" : "css text-align is \"center\"",
                "highlight" : [ "okvir" ]
              } ]
            } ]
          } ],
          "objects" : {
            "meni" : {
              "area" : [ 172, 10, 650, 102 ]
            },
            "lista" : {
              "area" : [ 172, 44, 650, 68 ]
            },
            "slika" : {
              "area" : [ 177, 127, 202, 202 ]
            },
            "aktivni" : {
              "area" : [ 347, 84, 50, 18 ]
            },
            "logo" : {
              "area" : [ 172, 10, 650, 34 ]
            },
            "body" : {
              "area" : [ 0, 10, 994, 976 ]
            },
            "okvir" : {
              "area" : [ 172, 122, 211, 216 ]
            },
            "elementListe" : {
              "area" : [ 340, 77, 65, 32 ]
            },
            "sadrzaj" : {
              "area" : [ 172, 122, 650, 864 ]
            }
          },
          "screenshot" : "layout-1-screenshot.png",
          "type" : "layout"
        }, {
          "name" : "Mutation testing: pocetna.gspec included tags: ",
          "status" : "info",
          "time" : 1573649405414,
          "mutationReport" : {
            "objectMutationStatistics" : {
              "meni" : {
                "passed" : 10,
                "failed" : 0,
                "failedMutations" : [ ]
              },
              "lista" : {
                "passed" : 10,
                "failed" : 0,
                "failedMutations" : [ ]
              },
              "slika" : {
                "passed" : 10,
                "failed" : 0,
                "failedMutations" : [ ]
              },
              "aktivni" : {
                "passed" : 10,
                "failed" : 0,
                "failedMutations" : [ ]
              },
              "logo" : {
                "passed" : 10,
                "failed" : 0,
                "failedMutations" : [ ]
              },
              "body" : {
                "passed" : 10,
                "failed" : 0,
                "failedMutations" : [ ]
              },
              "okvir" : {
                "passed" : 10,
                "failed" : 0,
                "failedMutations" : [ ]
              },
              "elementListe" : {
                "passed" : 10,
                "failed" : 0,
                "failedMutations" : [ ]
              },
              "sadrzaj" : {
                "passed" : 10,
                "failed" : 0,
                "failedMutations" : [ ]
              }
            },
            "totalPassed" : 90,
            "totalFailed" : 0,
            "totalMutations" : 90,
            "failedRatio" : 0.0
          },
          "type" : "mutation"
        } ],
        "time" : 1573649402047,
        "type" : "node"
      } ],
      "time" : 1573649390692,
      "type" : "node"
    } ]
  }
}