{
  "testId" : "1-rezervacije.gspec",
  "name" : "rezervacije.gspec",
  "report" : {
    "nodes" : [ {
      "name" : "Simple check",
      "status" : "info",
      "nodes" : [ {
        "name" : "check  rezervacije.gspec --url http://localhost/rezervacije.html --size 1024x768 --htmlreport rezervacije",
        "status" : "info",
        "nodes" : [ {
          "name" : "Check layout: rezervacije.gspec included tags: ",
          "status" : "info",
          "time" : 1573670797538,
          "sections" : [ {
            "name" : "Main section",
            "place" : {
              "filePath" : "rezervacije.gspec",
              "lineNumber" : 45
            },
            "objects" : [ {
              "name" : "meni",
              "specs" : [ {
                "status" : "info",
                "place" : {
                  "filePath" : "rezervacije.gspec",
                  "lineNumber" : 47
                },
                "name" : "above sadrzaj",
                "meta" : [ {
                  "from" : {
                    "object" : "meni",
                    "edge" : "bottom"
                  },
                  "to" : {
                    "object" : "sadrzaj",
                    "edge" : "top"
                  },
                  "expectedDistance" : ">= 0px",
                  "realDistance" : "9px"
                } ],
                "highlight" : [ "meni", "sadrzaj" ]
              }, {
                "status" : "info",
                "place" : {
                  "filePath" : "rezervacije.gspec",
                  "lineNumber" : 48
                },
                "name" : "width = 100 % of meni/width",
                "meta" : [ {
                  "from" : {
                    "object" : "meni",
                    "edge" : "left"
                  },
                  "to" : {
                    "object" : "meni",
                    "edge" : "right"
                  },
                  "expectedDistance" : "100% [595px]",
                  "realDistance" : "100% [595px]"
                } ],
                "highlight" : [ "meni" ]
              }, {
                "status" : "info",
                "place" : {
                  "filePath" : "rezervacije.gspec",
                  "lineNumber" : 49
                },
                "name" : "height 110 to 120px",
                "meta" : [ {
                  "from" : {
                    "object" : "meni",
                    "edge" : "top"
                  },
                  "to" : {
                    "object" : "meni",
                    "edge" : "bottom"
                  },
                  "expectedDistance" : "110 to 120px",
                  "realDistance" : "120px"
                } ],
                "highlight" : [ "meni" ]
              } ]
            }, {
              "name" : "sadrzaj",
              "specs" : [ {
                "status" : "info",
                "place" : {
                  "filePath" : "rezervacije.gspec",
                  "lineNumber" : 52
                },
                "name" : "below meni 5 to 10 px",
                "meta" : [ {
                  "from" : {
                    "object" : "sadrzaj",
                    "edge" : "top"
                  },
                  "to" : {
                    "object" : "meni",
                    "edge" : "bottom"
                  },
                  "expectedDistance" : "5 to 10px",
                  "realDistance" : "9px"
                } ],
                "highlight" : [ "sadrzaj", "meni" ]
              }, {
                "status" : "info",
                "place" : {
                  "filePath" : "rezervacije.gspec",
                  "lineNumber" : 53
                },
                "name" : "contains labela, input1, input2, kalendar, glavna, dugme, dugme2",
                "highlight" : [ "sadrzaj", "labela", "input1", "input2", "kalendar", "glavna", "dugme", "dugme2" ]
              } ]
            }, {
              "name" : "input1",
              "specs" : [ {
                "status" : "info",
                "place" : {
                  "filePath" : "rezervacije.gspec",
                  "lineNumber" : 56
                },
                "name" : "inside sadrzaj",
                "meta" : [ ],
                "highlight" : [ "input1", "sadrzaj" ]
              }, {
                "status" : "info",
                "place" : {
                  "filePath" : "rezervacije.gspec",
                  "lineNumber" : 57
                },
                "name" : "above input2",
                "meta" : [ {
                  "from" : {
                    "object" : "input1",
                    "edge" : "bottom"
                  },
                  "to" : {
                    "object" : "input2",
                    "edge" : "top"
                  },
                  "expectedDistance" : ">= 0px",
                  "realDistance" : "22px"
                } ],
                "highlight" : [ "input1", "input2" ]
              } ]
            }, {
              "name" : "logo",
              "specs" : [ {
                "status" : "info",
                "place" : {
                  "filePath" : "rezervacije.gspec",
                  "lineNumber" : 61
                },
                "name" : "inside partly meni -45px top",
                "meta" : [ {
                  "from" : {
                    "object" : "logo",
                    "edge" : "top"
                  },
                  "to" : {
                    "object" : "meni",
                    "edge" : "top"
                  },
                  "expectedDistance" : "-45px",
                  "realDistance" : "-45px"
                } ],
                "highlight" : [ "logo", "meni" ]
              }, {
                "status" : "info",
                "place" : {
                  "filePath" : "rezervacije.gspec",
                  "lineNumber" : 62
                },
                "name" : "centered horizontally inside meni",
                "highlight" : [ "logo", "meni" ]
              } ]
            }, {
              "name" : "input2",
              "specs" : [ {
                "status" : "info",
                "place" : {
                  "filePath" : "rezervacije.gspec",
                  "lineNumber" : 65
                },
                "name" : "below input1",
                "meta" : [ {
                  "from" : {
                    "object" : "input2",
                    "edge" : "top"
                  },
                  "to" : {
                    "object" : "input1",
                    "edge" : "bottom"
                  },
                  "expectedDistance" : ">= 0px",
                  "realDistance" : "22px"
                } ],
                "highlight" : [ "input2", "input1" ]
              } ]
            }, {
              "name" : "glavna",
              "specs" : [ {
                "status" : "info",
                "place" : {
                  "filePath" : "rezervacije.gspec",
                  "lineNumber" : 68
                },
                "name" : "contains slobodna,zauzeta, pomocna, pomocna2, sedmica, sedmica2, dani, mjesec",
                "highlight" : [ "glavna", "slobodna", "zauzeta", "pomocna", "pomocna2", "sedmica", "sedmica2", "dani", "mjesec" ]
              } ]
            }, {
              "name" : "dugme2",
              "specs" : [ {
                "status" : "info",
                "place" : {
                  "filePath" : "rezervacije.gspec",
                  "lineNumber" : 71
                },
                "name" : "below glavna",
                "meta" : [ {
                  "from" : {
                    "object" : "dugme2",
                    "edge" : "top"
                  },
                  "to" : {
                    "object" : "glavna",
                    "edge" : "bottom"
                  },
                  "expectedDistance" : ">= 0px",
                  "realDistance" : "30px"
                } ],
                "highlight" : [ "dugme2", "glavna" ]
              }, {
                "status" : "info",
                "place" : {
                  "filePath" : "rezervacije.gspec",
                  "lineNumber" : 72
                },
                "name" : "css background-color is \"rgba(211, 211, 211, 1)\"",
                "highlight" : [ "dugme2" ]
              } ]
            }, {
              "name" : "dugme",
              "specs" : [ {
                "status" : "info",
                "place" : {
                  "filePath" : "rezervacije.gspec",
                  "lineNumber" : 75
                },
                "name" : "below glavna",
                "meta" : [ {
                  "from" : {
                    "object" : "dugme",
                    "edge" : "top"
                  },
                  "to" : {
                    "object" : "glavna",
                    "edge" : "bottom"
                  },
                  "expectedDistance" : ">= 0px",
                  "realDistance" : "30px"
                } ],
                "highlight" : [ "dugme", "glavna" ]
              }, {
                "status" : "info",
                "place" : {
                  "filePath" : "rezervacije.gspec",
                  "lineNumber" : 76
                },
                "name" : "css background-color is \"rgba(211, 211, 211, 1)\"",
                "highlight" : [ "dugme" ]
              } ]
            } ]
          } ],
          "objects" : {
            "meni" : {
              "area" : [ 198, 60, 595, 120 ]
            },
            "dugme2" : {
              "area" : [ 525, 817, 118, 41 ]
            },
            "pomocna" : {
              "area" : [ 513, 536, 33, 34 ]
            },
            "input2" : {
              "area" : [ 389, 323, 97, 24 ]
            },
            "input1" : {
              "area" : [ 330, 288, 13, 13 ]
            },
            "mjesec" : {
              "area" : [ 306, 470, 352, 18 ]
            },
            "sadrzaj" : {
              "area" : [ 198, 189, 595, 689 ]
            },
            "zauzeta" : {
              "area" : [ 369, 584, 38, 36 ]
            },
            "glavna" : {
              "area" : [ 299, 450, 366, 337 ]
            },
            "sedmica2" : {
              "area" : [ 306, 535, 352, 36 ]
            },
            "sedmica" : {
              "area" : [ 306, 584, 352, 36 ]
            },
            "dani" : {
              "area" : [ 306, 501, 352, 21 ]
            },
            "dugme" : {
              "area" : [ 299, 817, 118, 41 ]
            },
            "logo" : {
              "area" : [ 450, 15, 90, 90 ]
            },
            "labela" : {
              "area" : [ 330, 250, 97, 17 ]
            },
            "kalendar" : {
              "area" : [ 269, 421, 405, 397 ]
            },
            "slobodna" : {
              "area" : [ 512, 535, 35, 36 ]
            },
            "pomocna2" : {
              "area" : [ 370, 585, 36, 34 ]
            }
          },
          "screenshot" : "layout-1-screenshot.png",
          "type" : "layout"
        } ],
        "time" : 1573670793103,
        "type" : "node"
      } ],
      "time" : 1573670786724,
      "type" : "node"
    } ]
  }
}