{
  "testId" : "1-mobilesale.gspec",
  "name" : "mobileSale.gspec",
  "report" : {
    "nodes" : [ {
      "name" : "Mutation test",
      "status" : "info",
      "nodes" : [ {
        "name" : "check  mobileSale.gspec --url http://localhost:8081/sale.html --size 360x640 --htmlreport pokrivenostIzvjestaji/mobileSale",
        "status" : "info",
        "nodes" : [ {
          "name" : "Check layout: mobileSale.gspec included tags: ",
          "status" : "info",
          "time" : 1573650397638,
          "sections" : [ {
            "name" : "Meni section",
            "place" : {
              "filePath" : "mobileSale.gspec",
              "lineNumber" : 15
            },
            "objects" : [ {
              "name" : "logo",
              "specs" : [ {
                "status" : "info",
                "place" : {
                  "filePath" : "mobileSale.gspec",
                  "lineNumber" : 17
                },
                "name" : "inside meni",
                "meta" : [ ],
                "highlight" : [ "logo", "meni" ]
              }, {
                "status" : "info",
                "place" : {
                  "filePath" : "mobileSale.gspec",
                  "lineNumber" : 18
                },
                "name" : "above lista",
                "meta" : [ {
                  "from" : {
                    "object" : "logo",
                    "edge" : "bottom"
                  },
                  "to" : {
                    "object" : "lista",
                    "edge" : "top"
                  },
                  "expectedDistance" : ">= 0px",
                  "realDistance" : "0px"
                } ],
                "highlight" : [ "logo", "lista" ]
              } ]
            }, {
              "name" : "lista",
              "specs" : [ {
                "status" : "info",
                "place" : {
                  "filePath" : "mobileSale.gspec",
                  "lineNumber" : 21
                },
                "name" : "inside meni",
                "meta" : [ ],
                "highlight" : [ "lista", "meni" ]
              }, {
                "status" : "info",
                "place" : {
                  "filePath" : "mobileSale.gspec",
                  "lineNumber" : 22
                },
                "name" : "below logo",
                "meta" : [ {
                  "from" : {
                    "object" : "lista",
                    "edge" : "top"
                  },
                  "to" : {
                    "object" : "logo",
                    "edge" : "bottom"
                  },
                  "expectedDistance" : ">= 0px",
                  "realDistance" : "0px"
                } ],
                "highlight" : [ "lista", "logo" ]
              } ]
            }, {
              "name" : "elementListe",
              "specs" : [ {
                "status" : "info",
                "place" : {
                  "filePath" : "mobileSale.gspec",
                  "lineNumber" : 25
                },
                "name" : "css display is \"block\"",
                "highlight" : [ "elementListe" ]
              } ]
            }, {
              "name" : "aktivni",
              "specs" : [ {
                "status" : "info",
                "place" : {
                  "filePath" : "mobileSale.gspec",
                  "lineNumber" : 28
                },
                "name" : "css text-decoration is \"none solid rgb(25, 7, 136)\"",
                "highlight" : [ "aktivni" ]
              }, {
                "status" : "info",
                "place" : {
                  "filePath" : "mobileSale.gspec",
                  "lineNumber" : 29
                },
                "name" : "text is \"Sale\"",
                "highlight" : [ "aktivni" ]
              } ]
            }, {
              "name" : "meni",
              "specs" : [ {
                "status" : "info",
                "place" : {
                  "filePath" : "mobileSale.gspec",
                  "lineNumber" : 32
                },
                "name" : "above sadrzaj",
                "meta" : [ {
                  "from" : {
                    "object" : "meni",
                    "edge" : "bottom"
                  },
                  "to" : {
                    "object" : "sadrzaj",
                    "edge" : "top"
                  },
                  "expectedDistance" : ">= 0px",
                  "realDistance" : "10px"
                } ],
                "highlight" : [ "meni", "sadrzaj" ]
              }, {
                "status" : "info",
                "place" : {
                  "filePath" : "mobileSale.gspec",
                  "lineNumber" : 33
                },
                "name" : "centered horizontally inside body",
                "highlight" : [ "meni", "body" ]
              }, {
                "status" : "info",
                "place" : {
                  "filePath" : "mobileSale.gspec",
                  "lineNumber" : 34
                },
                "name" : "contains partly logo",
                "highlight" : [ "meni", "logo" ]
              } ]
            } ]
          }, {
            "name" : "Main section",
            "place" : {
              "filePath" : "mobileSale.gspec",
              "lineNumber" : 36
            },
            "objects" : [ {
              "name" : "sadrzaj",
              "specs" : [ {
                "status" : "info",
                "place" : {
                  "filePath" : "mobileSale.gspec",
                  "lineNumber" : 38
                },
                "name" : "below meni",
                "meta" : [ {
                  "from" : {
                    "object" : "sadrzaj",
                    "edge" : "top"
                  },
                  "to" : {
                    "object" : "meni",
                    "edge" : "bottom"
                  },
                  "expectedDistance" : ">= 0px",
                  "realDistance" : "10px"
                } ],
                "highlight" : [ "sadrzaj", "meni" ]
              }, {
                "status" : "info",
                "place" : {
                  "filePath" : "mobileSale.gspec",
                  "lineNumber" : 39
                },
                "name" : "centered horizontally inside body",
                "highlight" : [ "sadrzaj", "body" ]
              } ]
            }, {
              "name" : "tabela",
              "specs" : [ {
                "status" : "info",
                "place" : {
                  "filePath" : "mobileSale.gspec",
                  "lineNumber" : 42
                },
                "name" : "inside sadrzaj",
                "meta" : [ ],
                "highlight" : [ "tabela", "sadrzaj" ]
              }, {
                "status" : "info",
                "place" : {
                  "filePath" : "mobileSale.gspec",
                  "lineNumber" : 43
                },
                "name" : "centered horizontally inside sadrzaj",
                "highlight" : [ "tabela", "sadrzaj" ]
              } ]
            }, {
              "name" : "sala",
              "specs" : [ {
                "status" : "info",
                "place" : {
                  "filePath" : "mobileSale.gspec",
                  "lineNumber" : 46
                },
                "name" : "css text-align is \"left\"",
                "highlight" : [ "sala" ]
              } ]
            }, {
              "name" : "slobodnaSala",
              "specs" : [ {
                "status" : "info",
                "place" : {
                  "filePath" : "mobileSale.gspec",
                  "lineNumber" : 49
                },
                "name" : "above zauzetaSala",
                "meta" : [ {
                  "from" : {
                    "object" : "slobodnaSala",
                    "edge" : "bottom"
                  },
                  "to" : {
                    "object" : "zauzetaSala",
                    "edge" : "top"
                  },
                  "expectedDistance" : ">= 0px",
                  "realDistance" : "0px"
                } ],
                "highlight" : [ "slobodnaSala", "zauzetaSala" ]
              }, {
                "status" : "info",
                "place" : {
                  "filePath" : "mobileSale.gspec",
                  "lineNumber" : 50
                },
                "name" : "css background-color is \"rgba(77, 227, 95, 1)\"",
                "highlight" : [ "slobodnaSala" ]
              } ]
            }, {
              "name" : "zauzetaSala",
              "specs" : [ {
                "status" : "info",
                "place" : {
                  "filePath" : "mobileSale.gspec",
                  "lineNumber" : 53
                },
                "name" : "below slobodnaSala",
                "meta" : [ {
                  "from" : {
                    "object" : "zauzetaSala",
                    "edge" : "top"
                  },
                  "to" : {
                    "object" : "slobodnaSala",
                    "edge" : "bottom"
                  },
                  "expectedDistance" : ">= 0px",
                  "realDistance" : "0px"
                } ],
                "highlight" : [ "zauzetaSala", "slobodnaSala" ]
              }, {
                "status" : "info",
                "place" : {
                  "filePath" : "mobileSale.gspec",
                  "lineNumber" : 54
                },
                "name" : "css background-color is \"rgba(247, 79, 53, 1)\"",
                "highlight" : [ "zauzetaSala" ]
              } ]
            }, {
              "name" : "kancelarija",
              "specs" : [ {
                "status" : "info",
                "place" : {
                  "filePath" : "mobileSale.gspec",
                  "lineNumber" : 57
                },
                "name" : "css background-color is \"rgba(186, 204, 207, 1)\"",
                "highlight" : [ "kancelarija" ]
              } ]
            } ]
          } ],
          "objects" : {
            "meni" : {
              "area" : [ 0, 10, 483, 246 ]
            },
            "lista" : {
              "area" : [ 0, 44, 483, 212 ]
            },
            "tabela" : {
              "area" : [ 127, 286, 228, 413 ]
            },
            "aktivni" : {
              "area" : [ 227, 123, 27, 18 ]
            },
            "zauzetaSala" : {
              "area" : [ 310, 333, 46, 46 ]
            },
            "sala" : {
              "area" : [ 127, 287, 46, 46 ]
            },
            "logo" : {
              "area" : [ 0, 10, 483, 34 ]
            },
            "body" : {
              "area" : [ 0, 10, 483, 713 ]
            },
            "elementListe" : {
              "area" : [ 10, 84, 463, 33 ]
            },
            "sadrzaj" : {
              "area" : [ 0, 266, 483, 457 ]
            },
            "kancelarija" : {
              "area" : [ 173, 606, 46, 46 ]
            },
            "slobodnaSala" : {
              "area" : [ 310, 287, 46, 46 ]
            }
          },
          "screenshot" : "layout-1-screenshot.png",
          "type" : "layout"
        }, {
          "name" : "Mutation testing: mobileSale.gspec included tags: ",
          "status" : "info",
          "time" : 1573650397638,
          "mutationReport" : {
            "objectMutationStatistics" : {
              "meni" : {
                "passed" : 10,
                "failed" : 0,
                "failedMutations" : [ ]
              },
              "lista" : {
                "passed" : 10,
                "failed" : 0,
                "failedMutations" : [ ]
              },
              "tabela" : {
                "passed" : 10,
                "failed" : 0,
                "failedMutations" : [ ]
              },
              "aktivni" : {
                "passed" : 10,
                "failed" : 0,
                "failedMutations" : [ ]
              },
              "zauzetaSala" : {
                "passed" : 10,
                "failed" : 0,
                "failedMutations" : [ ]
              },
              "sala" : {
                "passed" : 10,
                "failed" : 0,
                "failedMutations" : [ ]
              },
              "logo" : {
                "passed" : 10,
                "failed" : 0,
                "failedMutations" : [ ]
              },
              "body" : {
                "passed" : 10,
                "failed" : 0,
                "failedMutations" : [ ]
              },
              "elementListe" : {
                "passed" : 10,
                "failed" : 0,
                "failedMutations" : [ ]
              },
              "sadrzaj" : {
                "passed" : 10,
                "failed" : 0,
                "failedMutations" : [ ]
              },
              "kancelarija" : {
                "passed" : 10,
                "failed" : 0,
                "failedMutations" : [ ]
              },
              "slobodnaSala" : {
                "passed" : 10,
                "failed" : 0,
                "failedMutations" : [ ]
              }
            },
            "totalPassed" : 120,
            "totalFailed" : 0,
            "totalMutations" : 120,
            "failedRatio" : 0.0
          },
          "type" : "mutation"
        } ],
        "time" : 1573650393908,
        "type" : "node"
      } ],
      "time" : 1573650382937,
      "type" : "node"
    } ]
  }
}