{
  "testId" : "1-mobilerezervacije.gspec",
  "name" : "mobileRezervacije.gspec",
  "report" : {
    "nodes" : [ {
      "name" : "Simple check",
      "status" : "info",
      "nodes" : [ {
        "name" : "check  mobileRezervacije.gspec --url http://localhost/rezervacije.html --size 450x600 --htmlreport mobileRezervacije",
        "status" : "info",
        "nodes" : [ {
          "name" : "Check layout: mobileRezervacije.gspec included tags: ",
          "status" : "info",
          "time" : 1573671058815,
          "sections" : [ {
            "name" : "Main section",
            "place" : {
              "filePath" : "mobileRezervacije.gspec",
              "lineNumber" : 38
            },
            "objects" : [ {
              "name" : "meni",
              "specs" : [ {
                "status" : "info",
                "place" : {
                  "filePath" : "mobileRezervacije.gspec",
                  "lineNumber" : 40
                },
                "name" : "above sadrzaj",
                "meta" : [ {
                  "from" : {
                    "object" : "meni",
                    "edge" : "bottom"
                  },
                  "to" : {
                    "object" : "sadrzaj",
                    "edge" : "top"
                  },
                  "expectedDistance" : ">= 0px",
                  "realDistance" : "4px"
                } ],
                "highlight" : [ "meni", "sadrzaj" ]
              }, {
                "status" : "info",
                "place" : {
                  "filePath" : "mobileRezervacije.gspec",
                  "lineNumber" : 41
                },
                "name" : "width = 100 % of meni/width",
                "meta" : [ {
                  "from" : {
                    "object" : "meni",
                    "edge" : "left"
                  },
                  "to" : {
                    "object" : "meni",
                    "edge" : "right"
                  },
                  "expectedDistance" : "100% [289px]",
                  "realDistance" : "100% [289px]"
                } ],
                "highlight" : [ "meni" ]
              }, {
                "status" : "info",
                "place" : {
                  "filePath" : "mobileRezervacije.gspec",
                  "lineNumber" : 42
                },
                "name" : "height 130 to 140px",
                "meta" : [ {
                  "from" : {
                    "object" : "meni",
                    "edge" : "top"
                  },
                  "to" : {
                    "object" : "meni",
                    "edge" : "bottom"
                  },
                  "expectedDistance" : "130 to 140px",
                  "realDistance" : "140px"
                } ],
                "highlight" : [ "meni" ]
              } ]
            }, {
              "name" : "sadrzaj",
              "specs" : [ {
                "status" : "info",
                "place" : {
                  "filePath" : "mobileRezervacije.gspec",
                  "lineNumber" : 45
                },
                "name" : "below meni 2 to 5 px",
                "meta" : [ {
                  "from" : {
                    "object" : "sadrzaj",
                    "edge" : "top"
                  },
                  "to" : {
                    "object" : "meni",
                    "edge" : "bottom"
                  },
                  "expectedDistance" : "2 to 5px",
                  "realDistance" : "4px"
                } ],
                "highlight" : [ "sadrzaj", "meni" ]
              }, {
                "status" : "info",
                "place" : {
                  "filePath" : "mobileRezervacije.gspec",
                  "lineNumber" : 46
                },
                "name" : "contains labela, input1, input2, kalendar, glavna, dugme, dugme2",
                "highlight" : [ "sadrzaj", "labela", "input1", "input2", "kalendar", "glavna", "dugme", "dugme2" ]
              } ]
            }, {
              "name" : "input1",
              "specs" : [ {
                "status" : "info",
                "place" : {
                  "filePath" : "mobileRezervacije.gspec",
                  "lineNumber" : 49
                },
                "name" : "inside sadrzaj",
                "meta" : [ ],
                "highlight" : [ "input1", "sadrzaj" ]
              }, {
                "status" : "info",
                "place" : {
                  "filePath" : "mobileRezervacije.gspec",
                  "lineNumber" : 50
                },
                "name" : "above input2",
                "meta" : [ {
                  "from" : {
                    "object" : "input1",
                    "edge" : "bottom"
                  },
                  "to" : {
                    "object" : "input2",
                    "edge" : "top"
                  },
                  "expectedDistance" : ">= 0px",
                  "realDistance" : "58px"
                } ],
                "highlight" : [ "input1", "input2" ]
              } ]
            }, {
              "name" : "logo",
              "specs" : [ {
                "status" : "info",
                "place" : {
                  "filePath" : "mobileRezervacije.gspec",
                  "lineNumber" : 54
                },
                "name" : "inside partly meni -45px top",
                "meta" : [ {
                  "from" : {
                    "object" : "logo",
                    "edge" : "top"
                  },
                  "to" : {
                    "object" : "meni",
                    "edge" : "top"
                  },
                  "expectedDistance" : "-45px",
                  "realDistance" : "-45px"
                } ],
                "highlight" : [ "logo", "meni" ]
              }, {
                "status" : "info",
                "place" : {
                  "filePath" : "mobileRezervacije.gspec",
                  "lineNumber" : 55
                },
                "name" : "centered horizontally inside meni",
                "highlight" : [ "logo", "meni" ]
              } ]
            }, {
              "name" : "input2",
              "specs" : [ {
                "status" : "info",
                "place" : {
                  "filePath" : "mobileRezervacije.gspec",
                  "lineNumber" : 58
                },
                "name" : "below input1",
                "meta" : [ {
                  "from" : {
                    "object" : "input2",
                    "edge" : "top"
                  },
                  "to" : {
                    "object" : "input1",
                    "edge" : "bottom"
                  },
                  "expectedDistance" : ">= 0px",
                  "realDistance" : "58px"
                } ],
                "highlight" : [ "input2", "input1" ]
              } ]
            }, {
              "name" : "glavna",
              "specs" : [ {
                "status" : "info",
                "place" : {
                  "filePath" : "mobileRezervacije.gspec",
                  "lineNumber" : 61
                },
                "name" : "contains pomocna, sedmica2, dani, mjesec",
                "highlight" : [ "glavna", "pomocna", "sedmica2", "dani", "mjesec" ]
              } ]
            }, {
              "name" : "dugme2",
              "specs" : [ {
                "status" : "info",
                "place" : {
                  "filePath" : "mobileRezervacije.gspec",
                  "lineNumber" : 64
                },
                "name" : "below glavna",
                "meta" : [ {
                  "from" : {
                    "object" : "dugme2",
                    "edge" : "top"
                  },
                  "to" : {
                    "object" : "glavna",
                    "edge" : "bottom"
                  },
                  "expectedDistance" : ">= 0px",
                  "realDistance" : "15px"
                } ],
                "highlight" : [ "dugme2", "glavna" ]
              }, {
                "status" : "info",
                "place" : {
                  "filePath" : "mobileRezervacije.gspec",
                  "lineNumber" : 65
                },
                "name" : "css background-color is \"rgba(211, 211, 211, 1)\"",
                "highlight" : [ "dugme2" ]
              } ]
            }, {
              "name" : "dugme",
              "specs" : [ {
                "status" : "info",
                "place" : {
                  "filePath" : "mobileRezervacije.gspec",
                  "lineNumber" : 68
                },
                "name" : "below glavna",
                "meta" : [ {
                  "from" : {
                    "object" : "dugme",
                    "edge" : "top"
                  },
                  "to" : {
                    "object" : "glavna",
                    "edge" : "bottom"
                  },
                  "expectedDistance" : ">= 0px",
                  "realDistance" : "15px"
                } ],
                "highlight" : [ "dugme", "glavna" ]
              }, {
                "status" : "info",
                "place" : {
                  "filePath" : "mobileRezervacije.gspec",
                  "lineNumber" : 69
                },
                "name" : "css background-color is \"rgba(211, 211, 211, 1)\"",
                "highlight" : [ "dugme" ]
              } ]
            } ]
          } ],
          "objects" : {
            "meni" : {
              "area" : [ 96, 60, 289, 140 ]
            },
            "dugme2" : {
              "area" : [ 256, 766, 58, 29 ]
            },
            "pomocna" : {
              "area" : [ 202, 648, 43, 30 ]
            },
            "input2" : {
              "area" : [ 161, 362, 97, 24 ]
            },
            "input1" : {
              "area" : [ 161, 291, 13, 13 ]
            },
            "mjesec" : {
              "area" : [ 150, 473, 92, 18 ]
            },
            "sadrzaj" : {
              "area" : [ 96, 204, 289, 600 ]
            },
            "glavna" : {
              "area" : [ 145, 458, 168, 293 ]
            },
            "sedmica2" : {
              "area" : [ 199, 643, 44, 103 ]
            },
            "dani" : {
              "area" : [ 155, 501, 43, 242 ]
            },
            "dugme" : {
              "area" : [ 145, 766, 58, 29 ]
            },
            "logo" : {
              "area" : [ 196, 15, 90, 90 ]
            },
            "labela" : {
              "area" : [ 161, 235, 97, 17 ]
            },
            "kalendar" : {
              "area" : [ 131, 444, 197, 322 ]
            }
          },
          "screenshot" : "layout-1-screenshot.png",
          "type" : "layout"
        } ],
        "time" : 1573671055783,
        "type" : "node"
      } ],
      "time" : 1573671049205,
      "type" : "node"
    } ]
  }
}