{
  "testId" : "1-pocetna.gspec",
  "name" : "pocetna.gspec",
  "report" : {
    "nodes" : [ {
      "name" : "Simple check",
      "status" : "info",
      "nodes" : [ {
        "name" : "check  pocetna.gspec --url http://localhost/pocetna.html --size 1024x768 --htmlreport izvjestaji",
        "status" : "info",
        "nodes" : [ {
          "name" : "Check layout: pocetna.gspec included tags: ",
          "status" : "info",
          "time" : 1573672161480,
          "sections" : [ {
            "name" : "Header section",
            "place" : {
              "filePath" : "pocetna.gspec",
              "lineNumber" : 11
            },
            "objects" : [ {
              "name" : "meni",
              "specs" : [ {
                "status" : "info",
                "place" : {
                  "filePath" : "pocetna.gspec",
                  "lineNumber" : 13
                },
                "name" : "contains lista",
                "highlight" : [ "meni", "lista" ]
              } ]
            }, {
              "name" : "lista",
              "specs" : [ {
                "status" : "info",
                "place" : {
                  "filePath" : "pocetna.gspec",
                  "lineNumber" : 15
                },
                "name" : "css vertical-align is \"bottom\"",
                "highlight" : [ "lista" ]
              } ]
            }, {
              "name" : "logo",
              "specs" : [ {
                "status" : "info",
                "place" : {
                  "filePath" : "pocetna.gspec",
                  "lineNumber" : 17
                },
                "name" : "near meni -40px top",
                "meta" : [ {
                  "from" : {
                    "object" : "logo",
                    "edge" : "bottom"
                  },
                  "to" : {
                    "object" : "meni",
                    "edge" : "top"
                  },
                  "expectedDistance" : "-40px",
                  "realDistance" : "-40px"
                } ],
                "highlight" : [ "logo", "meni" ]
              } ]
            }, {
              "name" : "lista-element-1",
              "specs" : [ {
                "status" : "info",
                "place" : {
                  "filePath" : "pocetna.gspec",
                  "lineNumber" : 19
                },
                "name" : "text contains \"Po�?etna\"",
                "highlight" : [ "lista-element-1" ]
              }, {
                "status" : "info",
                "place" : {
                  "filePath" : "pocetna.gspec",
                  "lineNumber" : 20
                },
                "name" : "css text-decoration-line is \"none\"",
                "highlight" : [ "lista-element-1" ]
              } ]
            }, {
              "name" : "lista-element-2",
              "specs" : [ {
                "status" : "info",
                "place" : {
                  "filePath" : "pocetna.gspec",
                  "lineNumber" : 22
                },
                "name" : "text contains \"Sale\"",
                "highlight" : [ "lista-element-2" ]
              } ]
            }, {
              "name" : "lista-element-3",
              "specs" : [ {
                "status" : "info",
                "place" : {
                  "filePath" : "pocetna.gspec",
                  "lineNumber" : 24
                },
                "name" : "text contains \"Unos\"",
                "highlight" : [ "lista-element-3" ]
              } ]
            }, {
              "name" : "lista-element-4",
              "specs" : [ {
                "status" : "info",
                "place" : {
                  "filePath" : "pocetna.gspec",
                  "lineNumber" : 26
                },
                "name" : "text contains \"Rezervacije\"",
                "highlight" : [ "lista-element-4" ]
              } ]
            }, {
              "name" : "lista-element-5",
              "specs" : [ {
                "status" : "info",
                "place" : {
                  "filePath" : "pocetna.gspec",
                  "lineNumber" : 28
                },
                "name" : "text contains \"Osobe\"",
                "highlight" : [ "lista-element-5" ]
              } ]
            } ]
          }, {
            "name" : "Main section",
            "place" : {
              "filePath" : "pocetna.gspec",
              "lineNumber" : 30
            },
            "objects" : [ {
              "name" : "frame",
              "specs" : [ {
                "status" : "info",
                "place" : {
                  "filePath" : "pocetna.gspec",
                  "lineNumber" : 32
                },
                "name" : "width 70 to 80 % of screen/width",
                "meta" : [ {
                  "from" : {
                    "object" : "frame",
                    "edge" : "left"
                  },
                  "to" : {
                    "object" : "frame",
                    "edge" : "right"
                  },
                  "expectedDistance" : "70 to 80% [697 to 796px]",
                  "realDistance" : "76% [760px]"
                } ],
                "highlight" : [ "frame" ]
              } ]
            }, {
              "name" : "slika",
              "specs" : [ {
                "status" : "info",
                "place" : {
                  "filePath" : "pocetna.gspec",
                  "lineNumber" : 34
                },
                "name" : "width 220px",
                "meta" : [ {
                  "from" : {
                    "object" : "slika",
                    "edge" : "left"
                  },
                  "to" : {
                    "object" : "slika",
                    "edge" : "right"
                  },
                  "expectedDistance" : "220px",
                  "realDistance" : "220px"
                } ],
                "highlight" : [ "slika" ]
              }, {
                "status" : "info",
                "place" : {
                  "filePath" : "pocetna.gspec",
                  "lineNumber" : 35
                },
                "name" : "height 220 px",
                "meta" : [ {
                  "from" : {
                    "object" : "slika",
                    "edge" : "top"
                  },
                  "to" : {
                    "object" : "slika",
                    "edge" : "bottom"
                  },
                  "expectedDistance" : "220px",
                  "realDistance" : "220px"
                } ],
                "highlight" : [ "slika" ]
              } ]
            } ]
          } ],
          "objects" : {
            "meni" : {
              "area" : [ 118, 74, 760, 80 ]
            },
            "lista" : {
              "area" : [ 156, 123, 276, 26 ]
            },
            "lista-element-5" : {
              "area" : [ 386, 128, 41, 16 ]
            },
            "slika" : {
              "area" : [ 156, 197, 220, 220 ]
            },
            "lista-element-4" : {
              "area" : [ 303, 128, 73, 16 ]
            },
            "lista-element-3" : {
              "area" : [ 260, 128, 32, 16 ]
            },
            "logo" : {
              "area" : [ 460, 34, 80, 80 ]
            },
            "lista-element-2" : {
              "area" : [ 222, 128, 28, 16 ]
            },
            "lista-element-1" : {
              "area" : [ 161, 128, 51, 16 ]
            },
            "frame" : {
              "area" : [ 118, 74, 760, 1056 ]
            }
          },
          "screenshot" : "layout-1-screenshot.png",
          "type" : "layout"
        } ],
        "time" : 1573672159453,
        "type" : "node"
      } ],
      "time" : 1573672154894,
      "type" : "node"
    } ]
  }
}