{
  "testId" : "1-rezervacije.gspec",
  "name" : "rezervacije.gspec",
  "report" : {
    "nodes" : [ {
      "name" : "Mutation test",
      "status" : "info",
      "nodes" : [ {
        "name" : "check  rezervacije.gspec --url http://localhost/rezervacije.html --size 1200x800 --offset 5 --htmlreport mutation-rezervacije",
        "status" : "info",
        "nodes" : [ {
          "name" : "Check layout: rezervacije.gspec included tags: ",
          "status" : "info",
          "time" : 1573681273884,
          "sections" : [ {
            "name" : "Main section",
            "place" : {
              "filePath" : "rezervacije.gspec",
              "lineNumber" : 45
            },
            "objects" : [ {
              "name" : "meni",
              "specs" : [ {
                "status" : "info",
                "place" : {
                  "filePath" : "rezervacije.gspec",
                  "lineNumber" : 47
                },
                "name" : "above sadrzaj",
                "meta" : [ {
                  "from" : {
                    "object" : "meni",
                    "edge" : "bottom"
                  },
                  "to" : {
                    "object" : "sadrzaj",
                    "edge" : "top"
                  },
                  "expectedDistance" : ">= 0px",
                  "realDistance" : "11px"
                } ],
                "highlight" : [ "meni", "sadrzaj" ]
              }, {
                "status" : "info",
                "place" : {
                  "filePath" : "rezervacije.gspec",
                  "lineNumber" : 48
                },
                "name" : "width = 100 % of meni/width",
                "meta" : [ {
                  "from" : {
                    "object" : "meni",
                    "edge" : "left"
                  },
                  "to" : {
                    "object" : "meni",
                    "edge" : "right"
                  },
                  "expectedDistance" : "100% [701px]",
                  "realDistance" : "100% [701px]"
                } ],
                "highlight" : [ "meni" ]
              }, {
                "status" : "info",
                "place" : {
                  "filePath" : "rezervacije.gspec",
                  "lineNumber" : 49
                },
                "name" : "height 110 to 120px",
                "meta" : [ {
                  "from" : {
                    "object" : "meni",
                    "edge" : "top"
                  },
                  "to" : {
                    "object" : "meni",
                    "edge" : "bottom"
                  },
                  "expectedDistance" : "110 to 120px",
                  "realDistance" : "120px"
                } ],
                "highlight" : [ "meni" ]
              } ]
            }, {
              "name" : "sadrzaj",
              "specs" : [ {
                "status" : "info",
                "place" : {
                  "filePath" : "rezervacije.gspec",
                  "lineNumber" : 52
                },
                "name" : "contains labela, input1, input2, kalendar, glavna, dugme, dugme2",
                "highlight" : [ "sadrzaj", "labela", "input1", "input2", "kalendar", "glavna", "dugme", "dugme2" ]
              } ]
            }, {
              "name" : "input1",
              "specs" : [ {
                "status" : "info",
                "place" : {
                  "filePath" : "rezervacije.gspec",
                  "lineNumber" : 55
                },
                "name" : "inside sadrzaj",
                "meta" : [ ],
                "highlight" : [ "input1", "sadrzaj" ]
              }, {
                "status" : "info",
                "place" : {
                  "filePath" : "rezervacije.gspec",
                  "lineNumber" : 56
                },
                "name" : "above input2",
                "meta" : [ {
                  "from" : {
                    "object" : "input1",
                    "edge" : "bottom"
                  },
                  "to" : {
                    "object" : "input2",
                    "edge" : "top"
                  },
                  "expectedDistance" : ">= 0px",
                  "realDistance" : "22px"
                } ],
                "highlight" : [ "input1", "input2" ]
              } ]
            }, {
              "name" : "logo",
              "specs" : [ {
                "status" : "info",
                "place" : {
                  "filePath" : "rezervacije.gspec",
                  "lineNumber" : 60
                },
                "name" : "inside partly meni -45px top",
                "meta" : [ {
                  "from" : {
                    "object" : "logo",
                    "edge" : "top"
                  },
                  "to" : {
                    "object" : "meni",
                    "edge" : "top"
                  },
                  "expectedDistance" : "-45px",
                  "realDistance" : "-45px"
                } ],
                "highlight" : [ "logo", "meni" ]
              }, {
                "status" : "info",
                "place" : {
                  "filePath" : "rezervacije.gspec",
                  "lineNumber" : 61
                },
                "name" : "centered horizontally inside meni",
                "highlight" : [ "logo", "meni" ]
              } ]
            }, {
              "name" : "input2",
              "specs" : [ {
                "status" : "info",
                "place" : {
                  "filePath" : "rezervacije.gspec",
                  "lineNumber" : 64
                },
                "name" : "below input1",
                "meta" : [ {
                  "from" : {
                    "object" : "input2",
                    "edge" : "top"
                  },
                  "to" : {
                    "object" : "input1",
                    "edge" : "bottom"
                  },
                  "expectedDistance" : ">= 0px",
                  "realDistance" : "22px"
                } ],
                "highlight" : [ "input2", "input1" ]
              } ]
            }, {
              "name" : "glavna",
              "specs" : [ {
                "status" : "info",
                "place" : {
                  "filePath" : "rezervacije.gspec",
                  "lineNumber" : 67
                },
                "name" : "contains slobodna,zauzeta, pomocna, pomocna2, sedmica, sedmica2, dani, mjesec",
                "highlight" : [ "glavna", "slobodna", "zauzeta", "pomocna", "pomocna2", "sedmica", "sedmica2", "dani", "mjesec" ]
              } ]
            }, {
              "name" : "dugme2",
              "specs" : [ {
                "status" : "info",
                "place" : {
                  "filePath" : "rezervacije.gspec",
                  "lineNumber" : 70
                },
                "name" : "below glavna",
                "meta" : [ {
                  "from" : {
                    "object" : "dugme2",
                    "edge" : "top"
                  },
                  "to" : {
                    "object" : "glavna",
                    "edge" : "bottom"
                  },
                  "expectedDistance" : ">= 0px",
                  "realDistance" : "35px"
                } ],
                "highlight" : [ "dugme2", "glavna" ]
              }, {
                "status" : "info",
                "place" : {
                  "filePath" : "rezervacije.gspec",
                  "lineNumber" : 71
                },
                "name" : "css background-color is \"rgba(211, 211, 211, 1)\"",
                "highlight" : [ "dugme2" ]
              } ]
            }, {
              "name" : "dugme",
              "specs" : [ {
                "status" : "info",
                "place" : {
                  "filePath" : "rezervacije.gspec",
                  "lineNumber" : 74
                },
                "name" : "below glavna",
                "meta" : [ {
                  "from" : {
                    "object" : "dugme",
                    "edge" : "top"
                  },
                  "to" : {
                    "object" : "glavna",
                    "edge" : "bottom"
                  },
                  "expectedDistance" : ">= 0px",
                  "realDistance" : "35px"
                } ],
                "highlight" : [ "dugme", "glavna" ]
              }, {
                "status" : "info",
                "place" : {
                  "filePath" : "rezervacije.gspec",
                  "lineNumber" : 75
                },
                "name" : "css background-color is \"rgba(211, 211, 211, 1)\"",
                "highlight" : [ "dugme" ]
              } ]
            } ]
          } ],
          "objects" : {
            "meni" : {
              "area" : [ 233, 60, 701, 120 ]
            },
            "dugme2" : {
              "area" : [ 618, 862, 140, 46 ]
            },
            "pomocna" : {
              "area" : [ 589, 564, 37, 35 ]
            },
            "input2" : {
              "area" : [ 448, 336, 97, 24 ]
            },
            "input1" : {
              "area" : [ 388, 301, 13, 13 ]
            },
            "mjesec" : {
              "area" : [ 361, 496, 388, 18 ]
            },
            "sadrzaj" : {
              "area" : [ 233, 191, 701, 740 ]
            },
            "zauzeta" : {
              "area" : [ 430, 614, 42, 37 ]
            },
            "glavna" : {
              "area" : [ 352, 473, 406, 354 ]
            },
            "sedmica2" : {
              "area" : [ 361, 563, 388, 37 ]
            },
            "sedmica" : {
              "area" : [ 361, 614, 388, 37 ]
            },
            "dani" : {
              "area" : [ 361, 528, 388, 21 ]
            },
            "dugme" : {
              "area" : [ 352, 862, 140, 46 ]
            },
            "logo" : {
              "area" : [ 538, 15, 90, 90 ]
            },
            "labela" : {
              "area" : [ 388, 263, 97, 17 ]
            },
            "kalendar" : {
              "area" : [ 317, 438, 476, 424 ]
            },
            "slobodna" : {
              "area" : [ 588, 563, 39, 37 ]
            },
            "pomocna2" : {
              "area" : [ 431, 615, 40, 35 ]
            }
          },
          "screenshot" : "layout-1-screenshot.png",
          "type" : "layout"
        }, {
          "name" : "Mutation testing: rezervacije.gspec included tags: ",
          "status" : "info",
          "time" : 1573681273884,
          "mutationReport" : {
            "objectMutationStatistics" : {
              "meni" : {
                "passed" : 10,
                "failed" : 0,
                "failedMutations" : [ ]
              },
              "dugme2" : {
                "passed" : 10,
                "failed" : 0,
                "failedMutations" : [ ]
              },
              "pomocna" : {
                "passed" : 10,
                "failed" : 0,
                "failedMutations" : [ ]
              },
              "input2" : {
                "passed" : 10,
                "failed" : 0,
                "failedMutations" : [ ]
              },
              "input1" : {
                "passed" : 10,
                "failed" : 0,
                "failedMutations" : [ ]
              },
              "mjesec" : {
                "passed" : 10,
                "failed" : 0,
                "failedMutations" : [ ]
              },
              "sadrzaj" : {
                "passed" : 10,
                "failed" : 0,
                "failedMutations" : [ ]
              },
              "zauzeta" : {
                "passed" : 10,
                "failed" : 0,
                "failedMutations" : [ ]
              },
              "glavna" : {
                "passed" : 10,
                "failed" : 0,
                "failedMutations" : [ ]
              },
              "sedmica2" : {
                "passed" : 10,
                "failed" : 0,
                "failedMutations" : [ ]
              },
              "sedmica" : {
                "passed" : 10,
                "failed" : 0,
                "failedMutations" : [ ]
              },
              "dani" : {
                "passed" : 10,
                "failed" : 0,
                "failedMutations" : [ ]
              },
              "dugme" : {
                "passed" : 10,
                "failed" : 0,
                "failedMutations" : [ ]
              },
              "logo" : {
                "passed" : 10,
                "failed" : 0,
                "failedMutations" : [ ]
              },
              "labela" : {
                "passed" : 10,
                "failed" : 0,
                "failedMutations" : [ ]
              },
              "kalendar" : {
                "passed" : 10,
                "failed" : 0,
                "failedMutations" : [ ]
              },
              "slobodna" : {
                "passed" : 10,
                "failed" : 0,
                "failedMutations" : [ ]
              },
              "pomocna2" : {
                "passed" : 10,
                "failed" : 0,
                "failedMutations" : [ ]
              }
            },
            "totalPassed" : 180,
            "totalFailed" : 0,
            "totalMutations" : 180,
            "failedRatio" : 0.0
          },
          "type" : "mutation"
        } ],
        "time" : 1573681266096,
        "type" : "node"
      } ],
      "time" : 1573681259463,
      "type" : "node"
    } ]
  }
}