{
  "testId" : "1-sale.gspec",
  "name" : "sale.gspec",
  "report" : {
    "nodes" : [ {
      "name" : "Simple check",
      "status" : "info",
      "nodes" : [ {
        "name" : "check  sale.gspec --url http://localhost/sale.html --size 1024x768 --htmlreport sale",
        "status" : "info",
        "nodes" : [ {
          "name" : "Check layout: sale.gspec included tags: ",
          "status" : "info",
          "time" : 1573663831364,
          "sections" : [ {
            "name" : "Main section",
            "place" : {
              "filePath" : "sale.gspec",
              "lineNumber" : 28
            },
            "objects" : [ {
              "name" : "okvir",
              "specs" : [ {
                "status" : "info",
                "place" : {
                  "filePath" : "sale.gspec",
                  "lineNumber" : 30
                },
                "name" : "contains sadrzaj",
                "highlight" : [ "okvir", "sadrzaj" ]
              } ]
            }, {
              "name" : "meni",
              "specs" : [ {
                "status" : "info",
                "place" : {
                  "filePath" : "sale.gspec",
                  "lineNumber" : 32
                },
                "name" : "above sadrzaj",
                "meta" : [ {
                  "from" : {
                    "object" : "meni",
                    "edge" : "bottom"
                  },
                  "to" : {
                    "object" : "sadrzaj",
                    "edge" : "top"
                  },
                  "expectedDistance" : ">= 0px",
                  "realDistance" : "10px"
                } ],
                "highlight" : [ "meni", "sadrzaj" ]
              }, {
                "status" : "info",
                "place" : {
                  "filePath" : "sale.gspec",
                  "lineNumber" : 33
                },
                "name" : "contains meni_item-*",
                "highlight" : [ "meni", "meni_item-1", "meni_item-2", "meni_item-3", "meni_item-4", "meni_item-5" ]
              }, {
                "status" : "info",
                "place" : {
                  "filePath" : "sale.gspec",
                  "lineNumber" : 34
                },
                "name" : "width = 100 % of meni/width",
                "meta" : [ {
                  "from" : {
                    "object" : "meni",
                    "edge" : "left"
                  },
                  "to" : {
                    "object" : "meni",
                    "edge" : "right"
                  },
                  "expectedDistance" : "100% [604px]",
                  "realDistance" : "100% [604px]"
                } ],
                "highlight" : [ "meni" ]
              }, {
                "status" : "info",
                "place" : {
                  "filePath" : "sale.gspec",
                  "lineNumber" : 35
                },
                "name" : "height 110 to 120px",
                "meta" : [ {
                  "from" : {
                    "object" : "meni",
                    "edge" : "top"
                  },
                  "to" : {
                    "object" : "meni",
                    "edge" : "bottom"
                  },
                  "expectedDistance" : "110 to 120px",
                  "realDistance" : "120px"
                } ],
                "highlight" : [ "meni" ]
              } ]
            }, {
              "name" : "sadrzaj",
              "specs" : [ {
                "status" : "info",
                "place" : {
                  "filePath" : "sale.gspec",
                  "lineNumber" : 38
                },
                "name" : "below meni 10 to 30 px",
                "meta" : [ {
                  "from" : {
                    "object" : "sadrzaj",
                    "edge" : "top"
                  },
                  "to" : {
                    "object" : "meni",
                    "edge" : "bottom"
                  },
                  "expectedDistance" : "10 to 30px",
                  "realDistance" : "10px"
                } ],
                "highlight" : [ "sadrzaj", "meni" ]
              }, {
                "status" : "info",
                "place" : {
                  "filePath" : "sale.gspec",
                  "lineNumber" : 39
                },
                "name" : "contains tabela",
                "highlight" : [ "sadrzaj", "tabela" ]
              } ]
            }, {
              "name" : "tabela",
              "specs" : [ {
                "status" : "info",
                "place" : {
                  "filePath" : "sale.gspec",
                  "lineNumber" : 42
                },
                "name" : "centered all inside sadrzaj",
                "highlight" : [ "tabela", "sadrzaj" ]
              }, {
                "status" : "info",
                "place" : {
                  "filePath" : "sale.gspec",
                  "lineNumber" : 43
                },
                "name" : "contains kancelarija, sala, slobodna, zauzeta, sprat, redni",
                "highlight" : [ "tabela", "kancelarija", "sala", "slobodna", "zauzeta", "sprat", "redni" ]
              } ]
            }, {
              "name" : "logo",
              "specs" : [ {
                "status" : "info",
                "place" : {
                  "filePath" : "sale.gspec",
                  "lineNumber" : 47
                },
                "name" : "inside partly meni -45px top",
                "meta" : [ {
                  "from" : {
                    "object" : "logo",
                    "edge" : "top"
                  },
                  "to" : {
                    "object" : "meni",
                    "edge" : "top"
                  },
                  "expectedDistance" : "-45px",
                  "realDistance" : "-45px"
                } ],
                "highlight" : [ "logo", "meni" ]
              }, {
                "status" : "info",
                "place" : {
                  "filePath" : "sale.gspec",
                  "lineNumber" : 48
                },
                "name" : "centered horizontally inside meni",
                "highlight" : [ "logo", "meni" ]
              } ]
            }, {
              "name" : "slobodna",
              "specs" : [ {
                "status" : "info",
                "place" : {
                  "filePath" : "sale.gspec",
                  "lineNumber" : 52
                },
                "name" : "css background-color is \"rgba(0, 128, 0, 1)\"",
                "highlight" : [ "slobodna" ]
              } ]
            }, {
              "name" : "zauzeta",
              "specs" : [ {
                "status" : "info",
                "place" : {
                  "filePath" : "sale.gspec",
                  "lineNumber" : 55
                },
                "name" : "css background-color is \"rgba(255, 165, 0, 1)\"",
                "highlight" : [ "zauzeta" ]
              } ]
            }, {
              "name" : "kancelarija",
              "specs" : [ {
                "status" : "info",
                "place" : {
                  "filePath" : "sale.gspec",
                  "lineNumber" : 58
                },
                "name" : "css background-color is \"rgba(128, 128, 128, 1)\"",
                "highlight" : [ "kancelarija" ]
              } ]
            } ]
          } ],
          "objects" : {
            "meni" : {
              "area" : [ 201, 60, 604, 120 ]
            },
            "sprat" : {
              "area" : [ 350, 220, 394, 40 ]
            },
            "meni_item-1" : {
              "area" : [ 327, 108, 57, 20 ]
            },
            "meni_item-5" : {
              "area" : [ 634, 108, 46, 20 ]
            },
            "okvir" : {
              "area" : [ 0, 60, 1008, 551 ]
            },
            "meni_item-4" : {
              "area" : [ 525, 108, 85, 20 ]
            },
            "sadrzaj" : {
              "area" : [ 201, 190, 604, 421 ]
            },
            "meni_item-3" : {
              "area" : [ 463, 108, 38, 20 ]
            },
            "kancelarija" : {
              "area" : [ 415, 362, 65, 31 ]
            },
            "zauzeta" : {
              "area" : [ 350, 300, 65, 31 ]
            },
            "meni_item-2" : {
              "area" : [ 408, 108, 31, 20 ]
            },
            "tabela" : {
              "area" : [ 262, 220, 483, 360 ]
            },
            "sala" : {
              "area" : [ 415, 300, 65, 31 ]
            },
            "redni" : {
              "area" : [ 262, 260, 88, 40 ]
            },
            "logo" : {
              "area" : [ 458, 15, 90, 90 ]
            },
            "slobodna" : {
              "area" : [ 675, 300, 69, 31 ]
            }
          },
          "screenshot" : "layout-1-screenshot.png",
          "type" : "layout"
        } ],
        "time" : 1573663826179,
        "type" : "node"
      } ],
      "time" : 1573663819742,
      "type" : "node"
    } ]
  }
}