{
  "testId" : "1-unos.gspec",
  "name" : "unos.gspec",
  "report" : {
    "nodes" : [ {
      "name" : "Mutation test",
      "status" : "info",
      "nodes" : [ {
        "name" : "check  unos.gspec --url http://localhost/unos.html --size 1200x800 --offset 5 --htmlreport mutation-unos",
        "status" : "info",
        "nodes" : [ {
          "name" : "Check layout: unos.gspec included tags: ",
          "status" : "info",
          "time" : 1573681497212,
          "sections" : [ {
            "name" : "Main section",
            "place" : {
              "filePath" : "unos.gspec",
              "lineNumber" : 24
            },
            "objects" : [ {
              "name" : "meni",
              "specs" : [ {
                "status" : "info",
                "place" : {
                  "filePath" : "unos.gspec",
                  "lineNumber" : 26
                },
                "name" : "above sadrzaj",
                "meta" : [ {
                  "from" : {
                    "object" : "meni",
                    "edge" : "bottom"
                  },
                  "to" : {
                    "object" : "sadrzaj",
                    "edge" : "top"
                  },
                  "expectedDistance" : ">= 0px",
                  "realDistance" : "11px"
                } ],
                "highlight" : [ "meni", "sadrzaj" ]
              }, {
                "status" : "info",
                "place" : {
                  "filePath" : "unos.gspec",
                  "lineNumber" : 27
                },
                "name" : "width = 100 % of meni/width",
                "meta" : [ {
                  "from" : {
                    "object" : "meni",
                    "edge" : "left"
                  },
                  "to" : {
                    "object" : "meni",
                    "edge" : "right"
                  },
                  "expectedDistance" : "100% [710px]",
                  "realDistance" : "100% [710px]"
                } ],
                "highlight" : [ "meni" ]
              }, {
                "status" : "info",
                "place" : {
                  "filePath" : "unos.gspec",
                  "lineNumber" : 28
                },
                "name" : "height 110 to 120px",
                "meta" : [ {
                  "from" : {
                    "object" : "meni",
                    "edge" : "top"
                  },
                  "to" : {
                    "object" : "meni",
                    "edge" : "bottom"
                  },
                  "expectedDistance" : "110 to 120px",
                  "realDistance" : "120px"
                } ],
                "highlight" : [ "meni" ]
              } ]
            }, {
              "name" : "sadrzaj",
              "specs" : [ {
                "status" : "info",
                "place" : {
                  "filePath" : "unos.gspec",
                  "lineNumber" : 31
                },
                "name" : "below meni 10 to 20 px",
                "meta" : [ {
                  "from" : {
                    "object" : "sadrzaj",
                    "edge" : "top"
                  },
                  "to" : {
                    "object" : "meni",
                    "edge" : "bottom"
                  },
                  "expectedDistance" : "10 to 20px",
                  "realDistance" : "11px"
                } ],
                "highlight" : [ "sadrzaj", "meni" ]
              }, {
                "status" : "info",
                "place" : {
                  "filePath" : "unos.gspec",
                  "lineNumber" : 32
                },
                "name" : "contains labela, input1, input2,input3, input4",
                "highlight" : [ "sadrzaj", "labela", "input1", "input2", "input3", "input4" ]
              } ]
            }, {
              "name" : "input1",
              "specs" : [ {
                "status" : "info",
                "place" : {
                  "filePath" : "unos.gspec",
                  "lineNumber" : 35
                },
                "name" : "inside sadrzaj",
                "meta" : [ ],
                "highlight" : [ "input1", "sadrzaj" ]
              }, {
                "status" : "info",
                "place" : {
                  "filePath" : "unos.gspec",
                  "lineNumber" : 36
                },
                "name" : "above input2",
                "meta" : [ {
                  "from" : {
                    "object" : "input1",
                    "edge" : "bottom"
                  },
                  "to" : {
                    "object" : "input2",
                    "edge" : "top"
                  },
                  "expectedDistance" : ">= 0px",
                  "realDistance" : "23px"
                } ],
                "highlight" : [ "input1", "input2" ]
              } ]
            }, {
              "name" : "logo",
              "specs" : [ {
                "status" : "info",
                "place" : {
                  "filePath" : "unos.gspec",
                  "lineNumber" : 40
                },
                "name" : "inside partly meni -45px top",
                "meta" : [ {
                  "from" : {
                    "object" : "logo",
                    "edge" : "top"
                  },
                  "to" : {
                    "object" : "meni",
                    "edge" : "top"
                  },
                  "expectedDistance" : "-45px",
                  "realDistance" : "-45px"
                } ],
                "highlight" : [ "logo", "meni" ]
              }, {
                "status" : "info",
                "place" : {
                  "filePath" : "unos.gspec",
                  "lineNumber" : 41
                },
                "name" : "centered horizontally inside meni",
                "highlight" : [ "logo", "meni" ]
              } ]
            }, {
              "name" : "input2",
              "specs" : [ {
                "status" : "info",
                "place" : {
                  "filePath" : "unos.gspec",
                  "lineNumber" : 44
                },
                "name" : "above input3",
                "meta" : [ {
                  "from" : {
                    "object" : "input2",
                    "edge" : "bottom"
                  },
                  "to" : {
                    "object" : "input3",
                    "edge" : "top"
                  },
                  "expectedDistance" : ">= 0px",
                  "realDistance" : "23px"
                } ],
                "highlight" : [ "input2", "input3" ]
              }, {
                "status" : "info",
                "place" : {
                  "filePath" : "unos.gspec",
                  "lineNumber" : 45
                },
                "name" : "below input1",
                "meta" : [ {
                  "from" : {
                    "object" : "input2",
                    "edge" : "top"
                  },
                  "to" : {
                    "object" : "input1",
                    "edge" : "bottom"
                  },
                  "expectedDistance" : ">= 0px",
                  "realDistance" : "23px"
                } ],
                "highlight" : [ "input2", "input1" ]
              } ]
            }, {
              "name" : "input3",
              "specs" : [ {
                "status" : "info",
                "place" : {
                  "filePath" : "unos.gspec",
                  "lineNumber" : 48
                },
                "name" : "above input4",
                "meta" : [ {
                  "from" : {
                    "object" : "input3",
                    "edge" : "bottom"
                  },
                  "to" : {
                    "object" : "input4",
                    "edge" : "top"
                  },
                  "expectedDistance" : ">= 0px",
                  "realDistance" : "53px"
                } ],
                "highlight" : [ "input3", "input4" ]
              }, {
                "status" : "info",
                "place" : {
                  "filePath" : "unos.gspec",
                  "lineNumber" : 49
                },
                "name" : "below input2",
                "meta" : [ {
                  "from" : {
                    "object" : "input3",
                    "edge" : "top"
                  },
                  "to" : {
                    "object" : "input2",
                    "edge" : "bottom"
                  },
                  "expectedDistance" : ">= 0px",
                  "realDistance" : "23px"
                } ],
                "highlight" : [ "input3", "input2" ]
              } ]
            } ]
          } ],
          "objects" : {
            "meni" : {
              "area" : [ 236, 60, 710, 120 ]
            },
            "input4" : {
              "area" : [ 568, 410, 130, 24 ]
            },
            "input3" : {
              "area" : [ 572, 338, 173, 19 ]
            },
            "input2" : {
              "area" : [ 572, 296, 173, 19 ]
            },
            "input1" : {
              "area" : [ 572, 254, 173, 19 ]
            },
            "logo" : {
              "area" : [ 546, 15, 90, 90 ]
            },
            "labela" : {
              "area" : [ 329, 242, 239, 42 ]
            },
            "sadrzaj" : {
              "area" : [ 236, 191, 710, 290 ]
            }
          },
          "screenshot" : "layout-1-screenshot.png",
          "type" : "layout"
        }, {
          "name" : "Mutation testing: unos.gspec included tags: ",
          "status" : "error",
          "time" : 1573681497212,
          "mutationReport" : {
            "objectMutationStatistics" : {
              "meni" : {
                "passed" : 10,
                "failed" : 0,
                "failedMutations" : [ ]
              },
              "input4" : {
                "passed" : 0,
                "failed" : 10,
                "failedMutations" : [ "input4: drag left by 5px", "input4: drag right by 5px", "input4: drag top by 5px", "input4: drag down by 5px", "input4: increase width by 5px", "input4: decrease width by 5px", "input4: increase height by 5px", "input4: decrease height by 5px", "input4: move left edge right by 5px", "input4: move top edge down by 5px" ]
              },
              "input3" : {
                "passed" : 0,
                "failed" : 10,
                "failedMutations" : [ "input3: drag left by 5px", "input3: drag right by 5px", "input3: drag top by 5px", "input3: drag down by 5px", "input3: increase width by 5px", "input3: decrease width by 5px", "input3: increase height by 5px", "input3: decrease height by 5px", "input3: move left edge right by 5px", "input3: move top edge down by 5px" ]
              },
              "input2" : {
                "passed" : 0,
                "failed" : 10,
                "failedMutations" : [ "input2: drag left by 5px", "input2: drag right by 5px", "input2: drag top by 5px", "input2: drag down by 5px", "input2: increase width by 5px", "input2: decrease width by 5px", "input2: increase height by 5px", "input2: decrease height by 5px", "input2: move left edge right by 5px", "input2: move top edge down by 5px" ]
              },
              "input1" : {
                "passed" : 0,
                "failed" : 10,
                "failedMutations" : [ "input1: drag left by 5px", "input1: drag right by 5px", "input1: drag top by 5px", "input1: drag down by 5px", "input1: increase width by 5px", "input1: decrease width by 5px", "input1: increase height by 5px", "input1: decrease height by 5px", "input1: move left edge right by 5px", "input1: move top edge down by 5px" ]
              },
              "logo" : {
                "passed" : 8,
                "failed" : 2,
                "failedMutations" : [ "logo: increase height by 5px", "logo: decrease height by 5px" ]
              },
              "labela" : {
                "passed" : 0,
                "failed" : 10,
                "failedMutations" : [ "labela: drag left by 5px", "labela: drag right by 5px", "labela: drag top by 5px", "labela: drag down by 5px", "labela: increase width by 5px", "labela: decrease width by 5px", "labela: increase height by 5px", "labela: decrease height by 5px", "labela: move left edge right by 5px", "labela: move top edge down by 5px" ]
              },
              "sadrzaj" : {
                "passed" : 1,
                "failed" : 9,
                "failedMutations" : [ "sadrzaj: drag left by 5px", "sadrzaj: drag right by 5px", "sadrzaj: drag down by 5px", "sadrzaj: increase width by 5px", "sadrzaj: decrease width by 5px", "sadrzaj: increase height by 5px", "sadrzaj: decrease height by 5px", "sadrzaj: move left edge right by 5px", "sadrzaj: move top edge down by 5px" ]
              }
            },
            "totalPassed" : 19,
            "totalFailed" : 61,
            "failedRatio" : 76.25,
            "totalMutations" : 80
          },
          "type" : "mutation"
        } ],
        "time" : 1573681493806,
        "type" : "node"
      } ],
      "time" : 1573681487645,
      "type" : "node"
    } ]
  }
}