{
  "testId" : "1-rezervacija.gspec",
  "name" : "rezervacija.gspec",
  "report" : {
    "nodes" : [ {
      "name" : "Simple check",
      "status" : "info",
      "nodes" : [ {
        "name" : "check  rezervacija.gspec --url http://localhost:8081/rezervacija.html --size 1024x800 --htmlreport izvjestaji/rezervacija",
        "status" : "info",
        "nodes" : [ {
          "name" : "Check layout: rezervacija.gspec included tags: ",
          "status" : "info",
          "time" : 1573649494718,
          "sections" : [ {
            "name" : "Meni section",
            "place" : {
              "filePath" : "rezervacija.gspec",
              "lineNumber" : 25
            },
            "objects" : [ {
              "name" : "logo",
              "specs" : [ {
                "status" : "info",
                "place" : {
                  "filePath" : "rezervacija.gspec",
                  "lineNumber" : 27
                },
                "name" : "inside meni",
                "meta" : [ ],
                "highlight" : [ "logo", "meni" ]
              }, {
                "status" : "info",
                "place" : {
                  "filePath" : "rezervacija.gspec",
                  "lineNumber" : 28
                },
                "name" : "above lista",
                "meta" : [ {
                  "from" : {
                    "object" : "logo",
                    "edge" : "bottom"
                  },
                  "to" : {
                    "object" : "lista",
                    "edge" : "top"
                  },
                  "expectedDistance" : ">= 0px",
                  "realDistance" : "0px"
                } ],
                "highlight" : [ "logo", "lista" ]
              } ]
            }, {
              "name" : "lista",
              "specs" : [ {
                "status" : "info",
                "place" : {
                  "filePath" : "rezervacija.gspec",
                  "lineNumber" : 31
                },
                "name" : "inside meni",
                "meta" : [ ],
                "highlight" : [ "lista", "meni" ]
              }, {
                "status" : "info",
                "place" : {
                  "filePath" : "rezervacija.gspec",
                  "lineNumber" : 32
                },
                "name" : "below logo",
                "meta" : [ {
                  "from" : {
                    "object" : "lista",
                    "edge" : "top"
                  },
                  "to" : {
                    "object" : "logo",
                    "edge" : "bottom"
                  },
                  "expectedDistance" : ">= 0px",
                  "realDistance" : "0px"
                } ],
                "highlight" : [ "lista", "logo" ]
              }, {
                "status" : "info",
                "place" : {
                  "filePath" : "rezervacija.gspec",
                  "lineNumber" : 33
                },
                "name" : "css list-style is \"outside none none\"",
                "highlight" : [ "lista" ]
              } ]
            }, {
              "name" : "elementListe",
              "specs" : [ {
                "status" : "info",
                "place" : {
                  "filePath" : "rezervacija.gspec",
                  "lineNumber" : 36
                },
                "name" : "css display is \"inline\"",
                "highlight" : [ "elementListe" ]
              } ]
            }, {
              "name" : "aktivni",
              "specs" : [ {
                "status" : "info",
                "place" : {
                  "filePath" : "rezervacija.gspec",
                  "lineNumber" : 39
                },
                "name" : "css text-decoration is \"none solid rgb(25, 7, 136)\"",
                "highlight" : [ "aktivni" ]
              }, {
                "status" : "info",
                "place" : {
                  "filePath" : "rezervacija.gspec",
                  "lineNumber" : 40
                },
                "name" : "text is \"Rezervacije\"",
                "highlight" : [ "aktivni" ]
              } ]
            }, {
              "name" : "meni",
              "specs" : [ {
                "status" : "info",
                "place" : {
                  "filePath" : "rezervacija.gspec",
                  "lineNumber" : 43
                },
                "name" : "above sadrzaj",
                "meta" : [ {
                  "from" : {
                    "object" : "meni",
                    "edge" : "bottom"
                  },
                  "to" : {
                    "object" : "sadrzaj",
                    "edge" : "top"
                  },
                  "expectedDistance" : ">= 0px",
                  "realDistance" : "10px"
                } ],
                "highlight" : [ "meni", "sadrzaj" ]
              }, {
                "status" : "info",
                "place" : {
                  "filePath" : "rezervacija.gspec",
                  "lineNumber" : 44
                },
                "name" : "centered horizontally inside body",
                "highlight" : [ "meni", "body" ]
              }, {
                "status" : "info",
                "place" : {
                  "filePath" : "rezervacija.gspec",
                  "lineNumber" : 45
                },
                "name" : "contains partly logo",
                "highlight" : [ "meni", "logo" ]
              } ]
            } ]
          }, {
            "name" : "Main section",
            "place" : {
              "filePath" : "rezervacija.gspec",
              "lineNumber" : 47
            },
            "objects" : [ {
              "name" : "sadrzaj",
              "specs" : [ {
                "status" : "info",
                "place" : {
                  "filePath" : "rezervacija.gspec",
                  "lineNumber" : 49
                },
                "name" : "below meni",
                "meta" : [ {
                  "from" : {
                    "object" : "sadrzaj",
                    "edge" : "top"
                  },
                  "to" : {
                    "object" : "meni",
                    "edge" : "bottom"
                  },
                  "expectedDistance" : ">= 0px",
                  "realDistance" : "10px"
                } ],
                "highlight" : [ "sadrzaj", "meni" ]
              }, {
                "status" : "info",
                "place" : {
                  "filePath" : "rezervacija.gspec",
                  "lineNumber" : 50
                },
                "name" : "centered horizontally inside body",
                "highlight" : [ "sadrzaj", "body" ]
              } ]
            }, {
              "name" : "forma",
              "specs" : [ {
                "status" : "info",
                "place" : {
                  "filePath" : "rezervacija.gspec",
                  "lineNumber" : 53
                },
                "name" : "css display is \"inline-block\"",
                "highlight" : [ "forma" ]
              }, {
                "status" : "info",
                "place" : {
                  "filePath" : "rezervacija.gspec",
                  "lineNumber" : 54
                },
                "name" : "css text-align is \"center\"",
                "highlight" : [ "forma" ]
              }, {
                "status" : "info",
                "place" : {
                  "filePath" : "rezervacija.gspec",
                  "lineNumber" : 55
                },
                "name" : "inside sadrzaj",
                "meta" : [ ],
                "highlight" : [ "forma", "sadrzaj" ]
              }, {
                "status" : "info",
                "place" : {
                  "filePath" : "rezervacija.gspec",
                  "lineNumber" : 56
                },
                "name" : "above kalendar",
                "meta" : [ {
                  "from" : {
                    "object" : "forma",
                    "edge" : "bottom"
                  },
                  "to" : {
                    "object" : "kalendar",
                    "edge" : "top"
                  },
                  "expectedDistance" : ">= 0px",
                  "realDistance" : "21px"
                } ],
                "highlight" : [ "forma", "kalendar" ]
              } ]
            }, {
              "name" : "labela",
              "specs" : [ {
                "status" : "info",
                "place" : {
                  "filePath" : "rezervacija.gspec",
                  "lineNumber" : 59
                },
                "name" : "css display is \"block\"",
                "highlight" : [ "labela" ]
              }, {
                "status" : "info",
                "place" : {
                  "filePath" : "rezervacija.gspec",
                  "lineNumber" : 60
                },
                "name" : "css float is \"left\"",
                "highlight" : [ "labela" ]
              }, {
                "status" : "info",
                "place" : {
                  "filePath" : "rezervacija.gspec",
                  "lineNumber" : 61
                },
                "name" : "css text-align is \"left\"",
                "highlight" : [ "labela" ]
              }, {
                "status" : "info",
                "place" : {
                  "filePath" : "rezervacija.gspec",
                  "lineNumber" : 62
                },
                "name" : "css width is \"150px\"",
                "highlight" : [ "labela" ]
              }, {
                "status" : "info",
                "place" : {
                  "filePath" : "rezervacija.gspec",
                  "lineNumber" : 63
                },
                "name" : "inside forma",
                "meta" : [ ],
                "highlight" : [ "labela", "forma" ]
              }, {
                "status" : "info",
                "place" : {
                  "filePath" : "rezervacija.gspec",
                  "lineNumber" : 64
                },
                "name" : "aligned vertically all labela",
                "highlight" : [ "labela", "labela" ]
              } ]
            }, {
              "name" : "input",
              "specs" : [ {
                "status" : "info",
                "place" : {
                  "filePath" : "rezervacija.gspec",
                  "lineNumber" : 67
                },
                "name" : "aligned vertically all input",
                "highlight" : [ "input", "input" ]
              }, {
                "status" : "info",
                "place" : {
                  "filePath" : "rezervacija.gspec",
                  "lineNumber" : 68
                },
                "name" : "inside forma",
                "meta" : [ ],
                "highlight" : [ "input", "forma" ]
              } ]
            }, {
              "name" : "box",
              "specs" : [ {
                "status" : "info",
                "place" : {
                  "filePath" : "rezervacija.gspec",
                  "lineNumber" : 71
                },
                "name" : "inside forma",
                "meta" : [ ],
                "highlight" : [ "box", "forma" ]
              }, {
                "status" : "info",
                "place" : {
                  "filePath" : "rezervacija.gspec",
                  "lineNumber" : 72
                },
                "name" : "below labela",
                "meta" : [ {
                  "from" : {
                    "object" : "box",
                    "edge" : "top"
                  },
                  "to" : {
                    "object" : "labela",
                    "edge" : "bottom"
                  },
                  "expectedDistance" : ">= 0px",
                  "realDistance" : "32px"
                } ],
                "highlight" : [ "box", "labela" ]
              } ]
            }, {
              "name" : "dropdown",
              "specs" : [ {
                "status" : "info",
                "place" : {
                  "filePath" : "rezervacija.gspec",
                  "lineNumber" : 75
                },
                "name" : "css position is \"relative\"",
                "highlight" : [ "dropdown" ]
              }, {
                "status" : "info",
                "place" : {
                  "filePath" : "rezervacija.gspec",
                  "lineNumber" : 76
                },
                "name" : "css display is \"inline-block\"",
                "highlight" : [ "dropdown" ]
              }, {
                "status" : "info",
                "place" : {
                  "filePath" : "rezervacija.gspec",
                  "lineNumber" : 77
                },
                "name" : "inside forma",
                "meta" : [ ],
                "highlight" : [ "dropdown", "forma" ]
              } ]
            }, {
              "name" : "dropdownDugme",
              "specs" : [ {
                "status" : "info",
                "place" : {
                  "filePath" : "rezervacija.gspec",
                  "lineNumber" : 80
                },
                "name" : "css background-color is \"rgba(25, 7, 136, 1)\"",
                "highlight" : [ "dropdownDugme" ]
              }, {
                "status" : "info",
                "place" : {
                  "filePath" : "rezervacija.gspec",
                  "lineNumber" : 81
                },
                "name" : "css color is \"rgba(255, 255, 255, 1)\"",
                "highlight" : [ "dropdownDugme" ]
              }, {
                "status" : "info",
                "place" : {
                  "filePath" : "rezervacija.gspec",
                  "lineNumber" : 82
                },
                "name" : "inside dropdown",
                "meta" : [ ],
                "highlight" : [ "dropdownDugme", "dropdown" ]
              }, {
                "status" : "info",
                "place" : {
                  "filePath" : "rezervacija.gspec",
                  "lineNumber" : 83
                },
                "name" : "css width is \"150px\"",
                "highlight" : [ "dropdownDugme" ]
              }, {
                "status" : "info",
                "place" : {
                  "filePath" : "rezervacija.gspec",
                  "lineNumber" : 84
                },
                "name" : "css cursor is \"pointer\"",
                "highlight" : [ "dropdownDugme" ]
              } ]
            }, {
              "name" : "kalendar",
              "specs" : [ {
                "status" : "info",
                "place" : {
                  "filePath" : "rezervacija.gspec",
                  "lineNumber" : 88
                },
                "name" : "inside sadrzaj",
                "meta" : [ ],
                "highlight" : [ "kalendar", "sadrzaj" ]
              }, {
                "status" : "info",
                "place" : {
                  "filePath" : "rezervacija.gspec",
                  "lineNumber" : 89
                },
                "name" : "below forma",
                "meta" : [ {
                  "from" : {
                    "object" : "kalendar",
                    "edge" : "top"
                  },
                  "to" : {
                    "object" : "forma",
                    "edge" : "bottom"
                  },
                  "expectedDistance" : ">= 0px",
                  "realDistance" : "21px"
                } ],
                "highlight" : [ "kalendar", "forma" ]
              }, {
                "status" : "info",
                "place" : {
                  "filePath" : "rezervacija.gspec",
                  "lineNumber" : 90
                },
                "name" : "css text-align is \"center\"",
                "highlight" : [ "kalendar" ]
              }, {
                "status" : "info",
                "place" : {
                  "filePath" : "rezervacija.gspec",
                  "lineNumber" : 91
                },
                "name" : "css border is \"2px solid rgb(25, 7, 136)\"",
                "highlight" : [ "kalendar" ]
              }, {
                "status" : "info",
                "place" : {
                  "filePath" : "rezervacija.gspec",
                  "lineNumber" : 92
                },
                "name" : "css max-width is \"620px\"",
                "highlight" : [ "kalendar" ]
              } ]
            }, {
              "name" : "mjesec",
              "specs" : [ {
                "status" : "info",
                "place" : {
                  "filePath" : "rezervacija.gspec",
                  "lineNumber" : 95
                },
                "name" : "inside kalendar",
                "meta" : [ ],
                "highlight" : [ "mjesec", "kalendar" ]
              }, {
                "status" : "info",
                "place" : {
                  "filePath" : "rezervacija.gspec",
                  "lineNumber" : 96
                },
                "name" : "css display is \"grid\"",
                "highlight" : [ "mjesec" ]
              }, {
                "status" : "info",
                "place" : {
                  "filePath" : "rezervacija.gspec",
                  "lineNumber" : 97
                },
                "name" : "css grid-template-rows is \"35px 60px 60px 60px 60px 60px\"",
                "highlight" : [ "mjesec" ]
              } ]
            }, {
              "name" : "nazivDana",
              "specs" : [ {
                "status" : "info",
                "place" : {
                  "filePath" : "rezervacija.gspec",
                  "lineNumber" : 100
                },
                "name" : "inside mjesec",
                "meta" : [ ],
                "highlight" : [ "nazivDana", "mjesec" ]
              }, {
                "status" : "info",
                "place" : {
                  "filePath" : "rezervacija.gspec",
                  "lineNumber" : 101
                },
                "name" : "above dan",
                "meta" : [ {
                  "from" : {
                    "object" : "nazivDana",
                    "edge" : "bottom"
                  },
                  "to" : {
                    "object" : "dan",
                    "edge" : "top"
                  },
                  "expectedDistance" : ">= 0px",
                  "realDistance" : "10px"
                } ],
                "highlight" : [ "nazivDana", "dan" ]
              }, {
                "status" : "info",
                "place" : {
                  "filePath" : "rezervacija.gspec",
                  "lineNumber" : 102
                },
                "name" : "css display is \"block\"",
                "highlight" : [ "nazivDana" ]
              }, {
                "status" : "info",
                "place" : {
                  "filePath" : "rezervacija.gspec",
                  "lineNumber" : 103
                },
                "name" : "css border is \"2px solid rgb(25, 7, 136)\"",
                "highlight" : [ "nazivDana" ]
              }, {
                "status" : "info",
                "place" : {
                  "filePath" : "rezervacija.gspec",
                  "lineNumber" : 104
                },
                "name" : "css text-align is \"center\"",
                "highlight" : [ "nazivDana" ]
              }, {
                "status" : "info",
                "place" : {
                  "filePath" : "rezervacija.gspec",
                  "lineNumber" : 105
                },
                "name" : "aligned horizontally all nazivDana",
                "highlight" : [ "nazivDana", "nazivDana" ]
              } ]
            }, {
              "name" : "dan",
              "specs" : [ {
                "status" : "info",
                "place" : {
                  "filePath" : "rezervacija.gspec",
                  "lineNumber" : 108
                },
                "name" : "inside mjesec",
                "meta" : [ ],
                "highlight" : [ "dan", "mjesec" ]
              }, {
                "status" : "info",
                "place" : {
                  "filePath" : "rezervacija.gspec",
                  "lineNumber" : 109
                },
                "name" : "aligned horizontally all dan",
                "highlight" : [ "dan", "dan" ]
              }, {
                "status" : "info",
                "place" : {
                  "filePath" : "rezervacija.gspec",
                  "lineNumber" : 110
                },
                "name" : "below nazivDana",
                "meta" : [ {
                  "from" : {
                    "object" : "dan",
                    "edge" : "top"
                  },
                  "to" : {
                    "object" : "nazivDana",
                    "edge" : "bottom"
                  },
                  "expectedDistance" : ">= 0px",
                  "realDistance" : "10px"
                } ],
                "highlight" : [ "dan", "nazivDana" ]
              }, {
                "status" : "info",
                "place" : {
                  "filePath" : "rezervacija.gspec",
                  "lineNumber" : 111
                },
                "name" : "contains broj",
                "highlight" : [ "dan", "broj" ]
              } ]
            }, {
              "name" : "broj",
              "specs" : [ {
                "status" : "info",
                "place" : {
                  "filePath" : "rezervacija.gspec",
                  "lineNumber" : 114
                },
                "name" : "css text-align is \"center\"",
                "highlight" : [ "broj" ]
              }, {
                "status" : "info",
                "place" : {
                  "filePath" : "rezervacija.gspec",
                  "lineNumber" : 115
                },
                "name" : "inside dan",
                "meta" : [ ],
                "highlight" : [ "broj", "dan" ]
              } ]
            }, {
              "name" : "zauzeto",
              "specs" : [ {
                "status" : "info",
                "place" : {
                  "filePath" : "rezervacija.gspec",
                  "lineNumber" : 118
                },
                "name" : "below broj",
                "meta" : [ {
                  "from" : {
                    "object" : "zauzeto",
                    "edge" : "top"
                  },
                  "to" : {
                    "object" : "broj",
                    "edge" : "bottom"
                  },
                  "expectedDistance" : ">= 0px",
                  "realDistance" : "60px"
                } ],
                "highlight" : [ "zauzeto", "broj" ]
              }, {
                "status" : "info",
                "place" : {
                  "filePath" : "rezervacija.gspec",
                  "lineNumber" : 119
                },
                "name" : "css background-color is \"rgba(247, 79, 53, 1)\"",
                "highlight" : [ "zauzeto" ]
              } ]
            }, {
              "name" : "slobodno",
              "specs" : [ {
                "status" : "info",
                "place" : {
                  "filePath" : "rezervacija.gspec",
                  "lineNumber" : 122
                },
                "name" : "inside dan",
                "meta" : [ ],
                "highlight" : [ "slobodno", "dan" ]
              }, {
                "status" : "info",
                "place" : {
                  "filePath" : "rezervacija.gspec",
                  "lineNumber" : 123
                },
                "name" : "below broj",
                "meta" : [ {
                  "from" : {
                    "object" : "slobodno",
                    "edge" : "top"
                  },
                  "to" : {
                    "object" : "broj",
                    "edge" : "bottom"
                  },
                  "expectedDistance" : ">= 0px",
                  "realDistance" : "0px"
                } ],
                "highlight" : [ "slobodno", "broj" ]
              }, {
                "status" : "info",
                "place" : {
                  "filePath" : "rezervacija.gspec",
                  "lineNumber" : 124
                },
                "name" : "css background-color is \"rgba(77, 227, 95, 1)\"",
                "highlight" : [ "slobodno" ]
              } ]
            } ]
          }, {
            "name" : "Footer section",
            "place" : {
              "filePath" : "rezervacija.gspec",
              "lineNumber" : 126
            },
            "objects" : [ {
              "name" : "dugme",
              "specs" : [ {
                "status" : "info",
                "place" : {
                  "filePath" : "rezervacija.gspec",
                  "lineNumber" : 128
                },
                "name" : "below mjesec",
                "meta" : [ {
                  "from" : {
                    "object" : "dugme",
                    "edge" : "top"
                  },
                  "to" : {
                    "object" : "mjesec",
                    "edge" : "bottom"
                  },
                  "expectedDistance" : ">= 0px",
                  "realDistance" : "32px"
                } ],
                "highlight" : [ "dugme", "mjesec" ]
              }, {
                "status" : "info",
                "place" : {
                  "filePath" : "rezervacija.gspec",
                  "lineNumber" : 129
                },
                "name" : "below kalendar",
                "meta" : [ {
                  "from" : {
                    "object" : "dugme",
                    "edge" : "top"
                  },
                  "to" : {
                    "object" : "kalendar",
                    "edge" : "bottom"
                  },
                  "expectedDistance" : ">= 0px",
                  "realDistance" : "19px"
                } ],
                "highlight" : [ "dugme", "kalendar" ]
              }, {
                "status" : "info",
                "place" : {
                  "filePath" : "rezervacija.gspec",
                  "lineNumber" : 130
                },
                "name" : "css cursor is \"pointer\"",
                "highlight" : [ "dugme" ]
              }, {
                "status" : "info",
                "place" : {
                  "filePath" : "rezervacija.gspec",
                  "lineNumber" : 131
                },
                "name" : "css background-color is \"rgba(133, 162, 224, 1)\"",
                "highlight" : [ "dugme" ]
              }, {
                "status" : "info",
                "place" : {
                  "filePath" : "rezervacija.gspec",
                  "lineNumber" : 132
                },
                "name" : "css color is \"rgba(25, 7, 136, 1)\"",
                "highlight" : [ "dugme" ]
              }, {
                "status" : "info",
                "place" : {
                  "filePath" : "rezervacija.gspec",
                  "lineNumber" : 133
                },
                "name" : "css float is \"left\"",
                "highlight" : [ "dugme" ]
              }, {
                "status" : "info",
                "place" : {
                  "filePath" : "rezervacija.gspec",
                  "lineNumber" : 134
                },
                "name" : "aligned horizontally all desnoDugme",
                "highlight" : [ "dugme", "desnoDugme" ]
              } ]
            }, {
              "name" : "desnoDugme",
              "specs" : [ {
                "status" : "info",
                "place" : {
                  "filePath" : "rezervacija.gspec",
                  "lineNumber" : 137
                },
                "name" : "css float is \"right\"",
                "highlight" : [ "desnoDugme" ]
              }, {
                "status" : "info",
                "place" : {
                  "filePath" : "rezervacija.gspec",
                  "lineNumber" : 138
                },
                "name" : "aligned horizontally all dugme",
                "highlight" : [ "desnoDugme", "dugme" ]
              } ]
            } ]
          } ],
          "objects" : {
            "meni" : {
              "area" : [ 172, 10, 650, 102 ]
            },
            "lista" : {
              "area" : [ 172, 44, 650, 68 ]
            },
            "broj" : {
              "area" : [ 545, 397, 76, 25 ]
            },
            "slobodno" : {
              "area" : [ 545, 422, 76, 26 ]
            },
            "box" : {
              "area" : [ 342, 187, 13, 13 ]
            },
            "body" : {
              "area" : [ 0, 10, 994, 756 ]
            },
            "forma" : {
              "area" : [ 337, 132, 320, 154 ]
            },
            "mjesec" : {
              "area" : [ 194, 357, 606, 335 ]
            },
            "elementListe" : {
              "area" : [ 340, 77, 65, 32 ]
            },
            "sadrzaj" : {
              "area" : [ 172, 122, 650, 644 ]
            },
            "dropdown" : {
              "area" : [ 497, 132, 160, 32 ]
            },
            "dan" : {
              "area" : [ 545, 397, 77, 50 ]
            },
            "input" : {
              "area" : [ 342, 187, 13, 13 ]
            },
            "aktivni" : {
              "area" : [ 513, 84, 76, 18 ]
            },
            "desnoDugme" : {
              "area" : [ 732, 724, 80, 32 ]
            },
            "logo" : {
              "area" : [ 172, 10, 650, 34 ]
            },
            "dugme" : {
              "area" : [ 182, 724, 80, 32 ]
            },
            "nazivDana" : {
              "area" : [ 199, 362, 76, 25 ]
            },
            "zauzeto" : {
              "area" : [ 285, 482, 76, 26 ]
            },
            "labela" : {
              "area" : [ 342, 137, 150, 18 ]
            },
            "kalendar" : {
              "area" : [ 182, 307, 630, 398 ]
            },
            "dropdownDugme" : {
              "area" : [ 502, 137, 150, 27 ]
            }
          },
          "screenshot" : "layout-1-screenshot.png",
          "type" : "layout"
        } ],
        "time" : 1573649490834,
        "type" : "node"
      } ],
      "time" : 1573649480084,
      "type" : "node"
    } ]
  }
}