{
  "testId" : "1-mobilerezervacija.gspec",
  "name" : "mobileRezervacija.gspec",
  "report" : {
    "nodes" : [ {
      "name" : "Simple check",
      "status" : "info",
      "nodes" : [ {
        "name" : "check  mobileRezervacija.gspec --url http://localhost:8081/rezervacija.html --size 320x640 --htmlreport izvjestaji/mobileRezervacija",
        "status" : "info",
        "nodes" : [ {
          "name" : "Check layout: mobileRezervacija.gspec included tags: ",
          "status" : "info",
          "time" : 1573650575275,
          "sections" : [ {
            "name" : "Meni section",
            "place" : {
              "filePath" : "mobileRezervacija.gspec",
              "lineNumber" : 24
            },
            "objects" : [ {
              "name" : "logo",
              "specs" : [ {
                "status" : "info",
                "place" : {
                  "filePath" : "mobileRezervacija.gspec",
                  "lineNumber" : 26
                },
                "name" : "inside meni",
                "meta" : [ ],
                "highlight" : [ "logo", "meni" ]
              }, {
                "status" : "info",
                "place" : {
                  "filePath" : "mobileRezervacija.gspec",
                  "lineNumber" : 27
                },
                "name" : "above lista",
                "meta" : [ {
                  "from" : {
                    "object" : "logo",
                    "edge" : "bottom"
                  },
                  "to" : {
                    "object" : "lista",
                    "edge" : "top"
                  },
                  "expectedDistance" : ">= 0px",
                  "realDistance" : "0px"
                } ],
                "highlight" : [ "logo", "lista" ]
              } ]
            }, {
              "name" : "lista",
              "specs" : [ {
                "status" : "info",
                "place" : {
                  "filePath" : "mobileRezervacija.gspec",
                  "lineNumber" : 30
                },
                "name" : "inside meni",
                "meta" : [ ],
                "highlight" : [ "lista", "meni" ]
              }, {
                "status" : "info",
                "place" : {
                  "filePath" : "mobileRezervacija.gspec",
                  "lineNumber" : 31
                },
                "name" : "below logo",
                "meta" : [ {
                  "from" : {
                    "object" : "lista",
                    "edge" : "top"
                  },
                  "to" : {
                    "object" : "logo",
                    "edge" : "bottom"
                  },
                  "expectedDistance" : ">= 0px",
                  "realDistance" : "0px"
                } ],
                "highlight" : [ "lista", "logo" ]
              }, {
                "status" : "info",
                "place" : {
                  "filePath" : "mobileRezervacija.gspec",
                  "lineNumber" : 32
                },
                "name" : "css list-style is \"outside none none\"",
                "highlight" : [ "lista" ]
              } ]
            }, {
              "name" : "elementListe",
              "specs" : [ {
                "status" : "info",
                "place" : {
                  "filePath" : "mobileRezervacija.gspec",
                  "lineNumber" : 35
                },
                "name" : "css display is \"block\"",
                "highlight" : [ "elementListe" ]
              } ]
            }, {
              "name" : "aktivni",
              "specs" : [ {
                "status" : "info",
                "place" : {
                  "filePath" : "mobileRezervacija.gspec",
                  "lineNumber" : 38
                },
                "name" : "css text-decoration is \"none solid rgb(25, 7, 136)\"",
                "highlight" : [ "aktivni" ]
              }, {
                "status" : "info",
                "place" : {
                  "filePath" : "mobileRezervacija.gspec",
                  "lineNumber" : 39
                },
                "name" : "text is \"Rezervacije\"",
                "highlight" : [ "aktivni" ]
              } ]
            }, {
              "name" : "meni",
              "specs" : [ {
                "status" : "info",
                "place" : {
                  "filePath" : "mobileRezervacija.gspec",
                  "lineNumber" : 42
                },
                "name" : "above sadrzaj",
                "meta" : [ {
                  "from" : {
                    "object" : "meni",
                    "edge" : "bottom"
                  },
                  "to" : {
                    "object" : "sadrzaj",
                    "edge" : "top"
                  },
                  "expectedDistance" : ">= 0px",
                  "realDistance" : "10px"
                } ],
                "highlight" : [ "meni", "sadrzaj" ]
              }, {
                "status" : "info",
                "place" : {
                  "filePath" : "mobileRezervacija.gspec",
                  "lineNumber" : 43
                },
                "name" : "centered horizontally inside body",
                "highlight" : [ "meni", "body" ]
              }, {
                "status" : "info",
                "place" : {
                  "filePath" : "mobileRezervacija.gspec",
                  "lineNumber" : 44
                },
                "name" : "contains partly logo",
                "highlight" : [ "meni", "logo" ]
              } ]
            } ]
          }, {
            "name" : "Main section",
            "place" : {
              "filePath" : "mobileRezervacija.gspec",
              "lineNumber" : 46
            },
            "objects" : [ {
              "name" : "sadrzaj",
              "specs" : [ {
                "status" : "info",
                "place" : {
                  "filePath" : "mobileRezervacija.gspec",
                  "lineNumber" : 48
                },
                "name" : "below meni",
                "meta" : [ {
                  "from" : {
                    "object" : "sadrzaj",
                    "edge" : "top"
                  },
                  "to" : {
                    "object" : "meni",
                    "edge" : "bottom"
                  },
                  "expectedDistance" : ">= 0px",
                  "realDistance" : "10px"
                } ],
                "highlight" : [ "sadrzaj", "meni" ]
              }, {
                "status" : "info",
                "place" : {
                  "filePath" : "mobileRezervacija.gspec",
                  "lineNumber" : 49
                },
                "name" : "centered horizontally inside body",
                "highlight" : [ "sadrzaj", "body" ]
              } ]
            }, {
              "name" : "forma",
              "specs" : [ {
                "status" : "info",
                "place" : {
                  "filePath" : "mobileRezervacija.gspec",
                  "lineNumber" : 52
                },
                "name" : "css display is \"inline-block\"",
                "highlight" : [ "forma" ]
              }, {
                "status" : "info",
                "place" : {
                  "filePath" : "mobileRezervacija.gspec",
                  "lineNumber" : 53
                },
                "name" : "css text-align is \"center\"",
                "highlight" : [ "forma" ]
              }, {
                "status" : "info",
                "place" : {
                  "filePath" : "mobileRezervacija.gspec",
                  "lineNumber" : 54
                },
                "name" : "inside sadrzaj",
                "meta" : [ ],
                "highlight" : [ "forma", "sadrzaj" ]
              }, {
                "status" : "info",
                "place" : {
                  "filePath" : "mobileRezervacija.gspec",
                  "lineNumber" : 55
                },
                "name" : "above kalendar",
                "meta" : [ {
                  "from" : {
                    "object" : "forma",
                    "edge" : "bottom"
                  },
                  "to" : {
                    "object" : "kalendar",
                    "edge" : "top"
                  },
                  "expectedDistance" : ">= 0px",
                  "realDistance" : "21px"
                } ],
                "highlight" : [ "forma", "kalendar" ]
              } ]
            }, {
              "name" : "labela",
              "specs" : [ {
                "status" : "info",
                "place" : {
                  "filePath" : "mobileRezervacija.gspec",
                  "lineNumber" : 58
                },
                "name" : "css display is \"block\"",
                "highlight" : [ "labela" ]
              }, {
                "status" : "info",
                "place" : {
                  "filePath" : "mobileRezervacija.gspec",
                  "lineNumber" : 59
                },
                "name" : "css float is \"left\"",
                "highlight" : [ "labela" ]
              }, {
                "status" : "info",
                "place" : {
                  "filePath" : "mobileRezervacija.gspec",
                  "lineNumber" : 60
                },
                "name" : "css text-align is \"left\"",
                "highlight" : [ "labela" ]
              }, {
                "status" : "info",
                "place" : {
                  "filePath" : "mobileRezervacija.gspec",
                  "lineNumber" : 61
                },
                "name" : "css width is \"150px\"",
                "highlight" : [ "labela" ]
              }, {
                "status" : "info",
                "place" : {
                  "filePath" : "mobileRezervacija.gspec",
                  "lineNumber" : 62
                },
                "name" : "inside forma",
                "meta" : [ ],
                "highlight" : [ "labela", "forma" ]
              }, {
                "status" : "info",
                "place" : {
                  "filePath" : "mobileRezervacija.gspec",
                  "lineNumber" : 63
                },
                "name" : "aligned vertically all labela",
                "highlight" : [ "labela", "labela" ]
              } ]
            }, {
              "name" : "input",
              "specs" : [ {
                "status" : "info",
                "place" : {
                  "filePath" : "mobileRezervacija.gspec",
                  "lineNumber" : 66
                },
                "name" : "aligned vertically all input",
                "highlight" : [ "input", "input" ]
              }, {
                "status" : "info",
                "place" : {
                  "filePath" : "mobileRezervacija.gspec",
                  "lineNumber" : 67
                },
                "name" : "inside forma",
                "meta" : [ ],
                "highlight" : [ "input", "forma" ]
              } ]
            }, {
              "name" : "box",
              "specs" : [ {
                "status" : "info",
                "place" : {
                  "filePath" : "mobileRezervacija.gspec",
                  "lineNumber" : 70
                },
                "name" : "inside forma",
                "meta" : [ ],
                "highlight" : [ "box", "forma" ]
              }, {
                "status" : "info",
                "place" : {
                  "filePath" : "mobileRezervacija.gspec",
                  "lineNumber" : 71
                },
                "name" : "below labela",
                "meta" : [ {
                  "from" : {
                    "object" : "box",
                    "edge" : "top"
                  },
                  "to" : {
                    "object" : "labela",
                    "edge" : "bottom"
                  },
                  "expectedDistance" : ">= 0px",
                  "realDistance" : "32px"
                } ],
                "highlight" : [ "box", "labela" ]
              } ]
            }, {
              "name" : "dropdown",
              "specs" : [ {
                "status" : "info",
                "place" : {
                  "filePath" : "mobileRezervacija.gspec",
                  "lineNumber" : 74
                },
                "name" : "css position is \"relative\"",
                "highlight" : [ "dropdown" ]
              }, {
                "status" : "info",
                "place" : {
                  "filePath" : "mobileRezervacija.gspec",
                  "lineNumber" : 75
                },
                "name" : "css display is \"inline-block\"",
                "highlight" : [ "dropdown" ]
              }, {
                "status" : "info",
                "place" : {
                  "filePath" : "mobileRezervacija.gspec",
                  "lineNumber" : 76
                },
                "name" : "inside forma",
                "meta" : [ ],
                "highlight" : [ "dropdown", "forma" ]
              } ]
            }, {
              "name" : "dropdownDugme",
              "specs" : [ {
                "status" : "info",
                "place" : {
                  "filePath" : "mobileRezervacija.gspec",
                  "lineNumber" : 79
                },
                "name" : "css background-color is \"rgba(25, 7, 136, 1)\"",
                "highlight" : [ "dropdownDugme" ]
              }, {
                "status" : "info",
                "place" : {
                  "filePath" : "mobileRezervacija.gspec",
                  "lineNumber" : 80
                },
                "name" : "css color is \"rgba(255, 255, 255, 1)\"",
                "highlight" : [ "dropdownDugme" ]
              }, {
                "status" : "info",
                "place" : {
                  "filePath" : "mobileRezervacija.gspec",
                  "lineNumber" : 81
                },
                "name" : "inside dropdown",
                "meta" : [ ],
                "highlight" : [ "dropdownDugme", "dropdown" ]
              }, {
                "status" : "info",
                "place" : {
                  "filePath" : "mobileRezervacija.gspec",
                  "lineNumber" : 82
                },
                "name" : "css width is \"150px\"",
                "highlight" : [ "dropdownDugme" ]
              }, {
                "status" : "info",
                "place" : {
                  "filePath" : "mobileRezervacija.gspec",
                  "lineNumber" : 83
                },
                "name" : "css cursor is \"pointer\"",
                "highlight" : [ "dropdownDugme" ]
              } ]
            }, {
              "name" : "kalendar",
              "specs" : [ {
                "status" : "info",
                "place" : {
                  "filePath" : "mobileRezervacija.gspec",
                  "lineNumber" : 87
                },
                "name" : "inside sadrzaj",
                "meta" : [ ],
                "highlight" : [ "kalendar", "sadrzaj" ]
              }, {
                "status" : "info",
                "place" : {
                  "filePath" : "mobileRezervacija.gspec",
                  "lineNumber" : 88
                },
                "name" : "below forma",
                "meta" : [ {
                  "from" : {
                    "object" : "kalendar",
                    "edge" : "top"
                  },
                  "to" : {
                    "object" : "forma",
                    "edge" : "bottom"
                  },
                  "expectedDistance" : ">= 0px",
                  "realDistance" : "21px"
                } ],
                "highlight" : [ "kalendar", "forma" ]
              }, {
                "status" : "info",
                "place" : {
                  "filePath" : "mobileRezervacija.gspec",
                  "lineNumber" : 89
                },
                "name" : "css text-align is \"center\"",
                "highlight" : [ "kalendar" ]
              }, {
                "status" : "info",
                "place" : {
                  "filePath" : "mobileRezervacija.gspec",
                  "lineNumber" : 90
                },
                "name" : "css border is \"2px solid rgb(25, 7, 136)\"",
                "highlight" : [ "kalendar" ]
              }, {
                "status" : "info",
                "place" : {
                  "filePath" : "mobileRezervacija.gspec",
                  "lineNumber" : 91
                },
                "name" : "css max-width is \"620px\"",
                "highlight" : [ "kalendar" ]
              } ]
            }, {
              "name" : "mjesec",
              "specs" : [ {
                "status" : "info",
                "place" : {
                  "filePath" : "mobileRezervacija.gspec",
                  "lineNumber" : 94
                },
                "name" : "inside kalendar",
                "meta" : [ ],
                "highlight" : [ "mjesec", "kalendar" ]
              }, {
                "status" : "info",
                "place" : {
                  "filePath" : "mobileRezervacija.gspec",
                  "lineNumber" : 95
                },
                "name" : "css display is \"grid\"",
                "highlight" : [ "mjesec" ]
              }, {
                "status" : "info",
                "place" : {
                  "filePath" : "mobileRezervacija.gspec",
                  "lineNumber" : 96
                },
                "name" : "css grid-template-rows is \"60px 60px 60px 60px 60px 60px 60px\"",
                "highlight" : [ "mjesec" ]
              }, {
                "status" : "info",
                "place" : {
                  "filePath" : "mobileRezervacija.gspec",
                  "lineNumber" : 97
                },
                "name" : "css grid-auto-flow is \"column\"",
                "highlight" : [ "mjesec" ]
              } ]
            }, {
              "name" : "nazivDana",
              "specs" : [ {
                "status" : "info",
                "place" : {
                  "filePath" : "mobileRezervacija.gspec",
                  "lineNumber" : 100
                },
                "name" : "inside mjesec",
                "meta" : [ ],
                "highlight" : [ "nazivDana", "mjesec" ]
              }, {
                "status" : "info",
                "place" : {
                  "filePath" : "mobileRezervacija.gspec",
                  "lineNumber" : 101
                },
                "name" : "left-of dan",
                "meta" : [ {
                  "from" : {
                    "object" : "nazivDana",
                    "edge" : "right"
                  },
                  "to" : {
                    "object" : "dan",
                    "edge" : "left"
                  },
                  "expectedDistance" : ">= 0px",
                  "realDistance" : "9px"
                } ],
                "highlight" : [ "nazivDana", "dan" ]
              }, {
                "status" : "info",
                "place" : {
                  "filePath" : "mobileRezervacija.gspec",
                  "lineNumber" : 102
                },
                "name" : "css display is \"block\"",
                "highlight" : [ "nazivDana" ]
              }, {
                "status" : "info",
                "place" : {
                  "filePath" : "mobileRezervacija.gspec",
                  "lineNumber" : 103
                },
                "name" : "css border is \"2px solid rgb(25, 7, 136)\"",
                "highlight" : [ "nazivDana" ]
              }, {
                "status" : "info",
                "place" : {
                  "filePath" : "mobileRezervacija.gspec",
                  "lineNumber" : 104
                },
                "name" : "css text-align is \"center\"",
                "highlight" : [ "nazivDana" ]
              }, {
                "status" : "info",
                "place" : {
                  "filePath" : "mobileRezervacija.gspec",
                  "lineNumber" : 105
                },
                "name" : "aligned vertically all nazivDana",
                "highlight" : [ "nazivDana", "nazivDana" ]
              } ]
            }, {
              "name" : "dan",
              "specs" : [ {
                "status" : "info",
                "place" : {
                  "filePath" : "mobileRezervacija.gspec",
                  "lineNumber" : 108
                },
                "name" : "inside mjesec",
                "meta" : [ ],
                "highlight" : [ "dan", "mjesec" ]
              }, {
                "status" : "info",
                "place" : {
                  "filePath" : "mobileRezervacija.gspec",
                  "lineNumber" : 109
                },
                "name" : "aligned horizontally all dan",
                "highlight" : [ "dan", "dan" ]
              }, {
                "status" : "info",
                "place" : {
                  "filePath" : "mobileRezervacija.gspec",
                  "lineNumber" : 110
                },
                "name" : "right-of nazivDana",
                "meta" : [ {
                  "from" : {
                    "object" : "dan",
                    "edge" : "left"
                  },
                  "to" : {
                    "object" : "nazivDana",
                    "edge" : "right"
                  },
                  "expectedDistance" : ">= 0px",
                  "realDistance" : "9px"
                } ],
                "highlight" : [ "dan", "nazivDana" ]
              }, {
                "status" : "info",
                "place" : {
                  "filePath" : "mobileRezervacija.gspec",
                  "lineNumber" : 111
                },
                "name" : "contains broj",
                "highlight" : [ "dan", "broj" ]
              } ]
            }, {
              "name" : "broj",
              "specs" : [ {
                "status" : "info",
                "place" : {
                  "filePath" : "mobileRezervacija.gspec",
                  "lineNumber" : 114
                },
                "name" : "css text-align is \"center\"",
                "highlight" : [ "broj" ]
              }, {
                "status" : "info",
                "place" : {
                  "filePath" : "mobileRezervacija.gspec",
                  "lineNumber" : 115
                },
                "name" : "inside dan",
                "meta" : [ ],
                "highlight" : [ "broj", "dan" ]
              } ]
            }, {
              "name" : "slobodno",
              "specs" : [ {
                "status" : "info",
                "place" : {
                  "filePath" : "mobileRezervacija.gspec",
                  "lineNumber" : 118
                },
                "name" : "inside dan",
                "meta" : [ ],
                "highlight" : [ "slobodno", "dan" ]
              }, {
                "status" : "info",
                "place" : {
                  "filePath" : "mobileRezervacija.gspec",
                  "lineNumber" : 119
                },
                "name" : "below broj",
                "meta" : [ {
                  "from" : {
                    "object" : "slobodno",
                    "edge" : "top"
                  },
                  "to" : {
                    "object" : "broj",
                    "edge" : "bottom"
                  },
                  "expectedDistance" : ">= 0px",
                  "realDistance" : "0px"
                } ],
                "highlight" : [ "slobodno", "broj" ]
              }, {
                "status" : "info",
                "place" : {
                  "filePath" : "mobileRezervacija.gspec",
                  "lineNumber" : 120
                },
                "name" : "css background-color is \"rgba(77, 227, 95, 1)\"",
                "highlight" : [ "slobodno" ]
              } ]
            } ]
          }, {
            "name" : "Footer section",
            "place" : {
              "filePath" : "mobileRezervacija.gspec",
              "lineNumber" : 122
            },
            "objects" : [ {
              "name" : "dugme",
              "specs" : [ {
                "status" : "info",
                "place" : {
                  "filePath" : "mobileRezervacija.gspec",
                  "lineNumber" : 124
                },
                "name" : "below mjesec",
                "meta" : [ {
                  "from" : {
                    "object" : "dugme",
                    "edge" : "top"
                  },
                  "to" : {
                    "object" : "mjesec",
                    "edge" : "bottom"
                  },
                  "expectedDistance" : ">= 0px",
                  "realDistance" : "32px"
                } ],
                "highlight" : [ "dugme", "mjesec" ]
              }, {
                "status" : "info",
                "place" : {
                  "filePath" : "mobileRezervacija.gspec",
                  "lineNumber" : 125
                },
                "name" : "below kalendar",
                "meta" : [ {
                  "from" : {
                    "object" : "dugme",
                    "edge" : "top"
                  },
                  "to" : {
                    "object" : "kalendar",
                    "edge" : "bottom"
                  },
                  "expectedDistance" : ">= 0px",
                  "realDistance" : "20px"
                } ],
                "highlight" : [ "dugme", "kalendar" ]
              }, {
                "status" : "info",
                "place" : {
                  "filePath" : "mobileRezervacija.gspec",
                  "lineNumber" : 126
                },
                "name" : "css cursor is \"pointer\"",
                "highlight" : [ "dugme" ]
              }, {
                "status" : "info",
                "place" : {
                  "filePath" : "mobileRezervacija.gspec",
                  "lineNumber" : 127
                },
                "name" : "css background-color is \"rgba(133, 162, 224, 1)\"",
                "highlight" : [ "dugme" ]
              }, {
                "status" : "info",
                "place" : {
                  "filePath" : "mobileRezervacija.gspec",
                  "lineNumber" : 128
                },
                "name" : "css color is \"rgba(25, 7, 136, 1)\"",
                "highlight" : [ "dugme" ]
              }, {
                "status" : "info",
                "place" : {
                  "filePath" : "mobileRezervacija.gspec",
                  "lineNumber" : 129
                },
                "name" : "css float is \"left\"",
                "highlight" : [ "dugme" ]
              }, {
                "status" : "info",
                "place" : {
                  "filePath" : "mobileRezervacija.gspec",
                  "lineNumber" : 130
                },
                "name" : "aligned horizontally all desnoDugme",
                "highlight" : [ "dugme", "desnoDugme" ]
              } ]
            }, {
              "name" : "desnoDugme",
              "specs" : [ {
                "status" : "info",
                "place" : {
                  "filePath" : "mobileRezervacija.gspec",
                  "lineNumber" : 133
                },
                "name" : "css float is \"right\"",
                "highlight" : [ "desnoDugme" ]
              }, {
                "status" : "info",
                "place" : {
                  "filePath" : "mobileRezervacija.gspec",
                  "lineNumber" : 134
                },
                "name" : "aligned horizontally all dugme",
                "highlight" : [ "desnoDugme", "dugme" ]
              } ]
            } ]
          } ],
          "objects" : {
            "meni" : {
              "area" : [ 0, 10, 483, 246 ]
            },
            "lista" : {
              "area" : [ 0, 44, 483, 212 ]
            },
            "broj" : {
              "area" : [ 246, 746, 210, 25 ]
            },
            "slobodno" : {
              "area" : [ 246, 771, 210, 26 ]
            },
            "box" : {
              "area" : [ 86, 331, 13, 13 ]
            },
            "body" : {
              "area" : [ 0, 10, 483, 985 ]
            },
            "forma" : {
              "area" : [ 81, 276, 320, 154 ]
            },
            "mjesec" : {
              "area" : [ 22, 501, 439, 420 ]
            },
            "elementListe" : {
              "area" : [ 10, 84, 463, 33 ]
            },
            "sadrzaj" : {
              "area" : [ 0, 266, 483, 729 ]
            },
            "dropdown" : {
              "area" : [ 241, 276, 160, 32 ]
            },
            "dan" : {
              "area" : [ 246, 746, 210, 50 ]
            },
            "input" : {
              "area" : [ 86, 331, 13, 13 ]
            },
            "aktivni" : {
              "area" : [ 203, 188, 75, 18 ]
            },
            "desnoDugme" : {
              "area" : [ 393, 953, 80, 31 ]
            },
            "logo" : {
              "area" : [ 0, 10, 483, 34 ]
            },
            "dugme" : {
              "area" : [ 10, 953, 80, 31 ]
            },
            "nazivDana" : {
              "area" : [ 27, 506, 210, 50 ]
            },
            "labela" : {
              "area" : [ 86, 281, 150, 18 ]
            },
            "kalendar" : {
              "area" : [ 10, 451, 463, 482 ]
            },
            "dropdownDugme" : {
              "area" : [ 246, 281, 150, 27 ]
            }
          },
          "screenshot" : "layout-1-screenshot.png",
          "type" : "layout"
        } ],
        "time" : 1573650571551,
        "type" : "node"
      } ],
      "time" : 1573650560619,
      "type" : "node"
    } ]
  }
}