{
  "testId" : "1-mobileunos.gspec",
  "name" : "mobileUnos.gspec",
  "report" : {
    "nodes" : [ {
      "name" : "Simple check",
      "status" : "info",
      "nodes" : [ {
        "name" : "check  mobileUnos.gspec --url http://localhost:8081/unos.html --size 320x640 --htmlreport izvjestaji/mobileUnos",
        "status" : "info",
        "nodes" : [ {
          "name" : "Check layout: mobileUnos.gspec included tags: ",
          "status" : "info",
          "time" : 1573650448845,
          "sections" : [ {
            "name" : "Meni section",
            "place" : {
              "filePath" : "mobileUnos.gspec",
              "lineNumber" : 15
            },
            "objects" : [ {
              "name" : "logo",
              "specs" : [ {
                "status" : "info",
                "place" : {
                  "filePath" : "mobileUnos.gspec",
                  "lineNumber" : 17
                },
                "name" : "inside meni",
                "meta" : [ ],
                "highlight" : [ "logo", "meni" ]
              }, {
                "status" : "info",
                "place" : {
                  "filePath" : "mobileUnos.gspec",
                  "lineNumber" : 18
                },
                "name" : "above lista",
                "meta" : [ {
                  "from" : {
                    "object" : "logo",
                    "edge" : "bottom"
                  },
                  "to" : {
                    "object" : "lista",
                    "edge" : "top"
                  },
                  "expectedDistance" : ">= 0px",
                  "realDistance" : "0px"
                } ],
                "highlight" : [ "logo", "lista" ]
              } ]
            }, {
              "name" : "lista",
              "specs" : [ {
                "status" : "info",
                "place" : {
                  "filePath" : "mobileUnos.gspec",
                  "lineNumber" : 21
                },
                "name" : "inside meni",
                "meta" : [ ],
                "highlight" : [ "lista", "meni" ]
              }, {
                "status" : "info",
                "place" : {
                  "filePath" : "mobileUnos.gspec",
                  "lineNumber" : 22
                },
                "name" : "below logo",
                "meta" : [ {
                  "from" : {
                    "object" : "lista",
                    "edge" : "top"
                  },
                  "to" : {
                    "object" : "logo",
                    "edge" : "bottom"
                  },
                  "expectedDistance" : ">= 0px",
                  "realDistance" : "0px"
                } ],
                "highlight" : [ "lista", "logo" ]
              }, {
                "status" : "info",
                "place" : {
                  "filePath" : "mobileUnos.gspec",
                  "lineNumber" : 23
                },
                "name" : "css list-style is \"outside none none\"",
                "highlight" : [ "lista" ]
              } ]
            }, {
              "name" : "elementListe",
              "specs" : [ {
                "status" : "info",
                "place" : {
                  "filePath" : "mobileUnos.gspec",
                  "lineNumber" : 26
                },
                "name" : "css display is \"block\"",
                "highlight" : [ "elementListe" ]
              } ]
            }, {
              "name" : "link",
              "specs" : [ {
                "status" : "info",
                "place" : {
                  "filePath" : "mobileUnos.gspec",
                  "lineNumber" : 29
                },
                "name" : "css color is \"rgba(25, 7, 136, 1)\"",
                "highlight" : [ "link" ]
              } ]
            }, {
              "name" : "aktivni",
              "specs" : [ {
                "status" : "info",
                "place" : {
                  "filePath" : "mobileUnos.gspec",
                  "lineNumber" : 32
                },
                "name" : "css text-decoration is \"none solid rgb(25, 7, 136)\"",
                "highlight" : [ "aktivni" ]
              }, {
                "status" : "info",
                "place" : {
                  "filePath" : "mobileUnos.gspec",
                  "lineNumber" : 33
                },
                "name" : "text is \"Unos\"",
                "highlight" : [ "aktivni" ]
              } ]
            }, {
              "name" : "meni",
              "specs" : [ {
                "status" : "info",
                "place" : {
                  "filePath" : "mobileUnos.gspec",
                  "lineNumber" : 36
                },
                "name" : "above sadrzaj",
                "meta" : [ {
                  "from" : {
                    "object" : "meni",
                    "edge" : "bottom"
                  },
                  "to" : {
                    "object" : "sadrzaj",
                    "edge" : "top"
                  },
                  "expectedDistance" : ">= 0px",
                  "realDistance" : "10px"
                } ],
                "highlight" : [ "meni", "sadrzaj" ]
              }, {
                "status" : "info",
                "place" : {
                  "filePath" : "mobileUnos.gspec",
                  "lineNumber" : 37
                },
                "name" : "centered horizontally inside body",
                "highlight" : [ "meni", "body" ]
              }, {
                "status" : "info",
                "place" : {
                  "filePath" : "mobileUnos.gspec",
                  "lineNumber" : 38
                },
                "name" : "contains partly logo",
                "highlight" : [ "meni", "logo" ]
              } ]
            } ]
          }, {
            "name" : "Main section",
            "place" : {
              "filePath" : "mobileUnos.gspec",
              "lineNumber" : 40
            },
            "objects" : [ {
              "name" : "sadrzaj",
              "specs" : [ {
                "status" : "info",
                "place" : {
                  "filePath" : "mobileUnos.gspec",
                  "lineNumber" : 42
                },
                "name" : "below meni",
                "meta" : [ {
                  "from" : {
                    "object" : "sadrzaj",
                    "edge" : "top"
                  },
                  "to" : {
                    "object" : "meni",
                    "edge" : "bottom"
                  },
                  "expectedDistance" : ">= 0px",
                  "realDistance" : "10px"
                } ],
                "highlight" : [ "sadrzaj", "meni" ]
              }, {
                "status" : "info",
                "place" : {
                  "filePath" : "mobileUnos.gspec",
                  "lineNumber" : 43
                },
                "name" : "centered horizontally inside body",
                "highlight" : [ "sadrzaj", "body" ]
              } ]
            }, {
              "name" : "forma",
              "specs" : [ {
                "status" : "info",
                "place" : {
                  "filePath" : "mobileUnos.gspec",
                  "lineNumber" : 46
                },
                "name" : "inside sadrzaj",
                "meta" : [ ],
                "highlight" : [ "forma", "sadrzaj" ]
              }, {
                "status" : "info",
                "place" : {
                  "filePath" : "mobileUnos.gspec",
                  "lineNumber" : 47
                },
                "name" : "centered horizontally inside sadrzaj",
                "highlight" : [ "forma", "sadrzaj" ]
              } ]
            }, {
              "name" : "input",
              "specs" : [ {
                "status" : "info",
                "place" : {
                  "filePath" : "mobileUnos.gspec",
                  "lineNumber" : 50
                },
                "name" : "below labela",
                "meta" : [ {
                  "from" : {
                    "object" : "input",
                    "edge" : "top"
                  },
                  "to" : {
                    "object" : "labela",
                    "edge" : "bottom"
                  },
                  "expectedDistance" : ">= 0px",
                  "realDistance" : "3px"
                } ],
                "highlight" : [ "input", "labela" ]
              }, {
                "status" : "info",
                "place" : {
                  "filePath" : "mobileUnos.gspec",
                  "lineNumber" : 51
                },
                "name" : "css display is \"block\"",
                "highlight" : [ "input" ]
              } ]
            }, {
              "name" : "labela",
              "specs" : [ {
                "status" : "info",
                "place" : {
                  "filePath" : "mobileUnos.gspec",
                  "lineNumber" : 54
                },
                "name" : "above input",
                "meta" : [ {
                  "from" : {
                    "object" : "labela",
                    "edge" : "bottom"
                  },
                  "to" : {
                    "object" : "input",
                    "edge" : "top"
                  },
                  "expectedDistance" : ">= 0px",
                  "realDistance" : "3px"
                } ],
                "highlight" : [ "labela", "input" ]
              }, {
                "status" : "info",
                "place" : {
                  "filePath" : "mobileUnos.gspec",
                  "lineNumber" : 55
                },
                "name" : "css width is \"150px\"",
                "highlight" : [ "labela" ]
              }, {
                "status" : "info",
                "place" : {
                  "filePath" : "mobileUnos.gspec",
                  "lineNumber" : 56
                },
                "name" : "css display is \"block\"",
                "highlight" : [ "labela" ]
              } ]
            }, {
              "name" : "dugme",
              "specs" : [ {
                "status" : "info",
                "place" : {
                  "filePath" : "mobileUnos.gspec",
                  "lineNumber" : 59
                },
                "name" : "below input",
                "meta" : [ {
                  "from" : {
                    "object" : "dugme",
                    "edge" : "top"
                  },
                  "to" : {
                    "object" : "input",
                    "edge" : "bottom"
                  },
                  "expectedDistance" : ">= 0px",
                  "realDistance" : "231px"
                } ],
                "highlight" : [ "dugme", "input" ]
              }, {
                "status" : "info",
                "place" : {
                  "filePath" : "mobileUnos.gspec",
                  "lineNumber" : 60
                },
                "name" : "text is \"Unesi\"",
                "highlight" : [ "dugme" ]
              } ]
            } ]
          } ],
          "objects" : {
            "meni" : {
              "area" : [ 0, 10, 483, 246 ]
            },
            "lista" : {
              "area" : [ 0, 44, 483, 212 ]
            },
            "input" : {
              "area" : [ 161, 310, 161, 22 ]
            },
            "aktivni" : {
              "area" : [ 224, 155, 34, 18 ]
            },
            "link" : {
              "area" : [ 216, 91, 51, 18 ]
            },
            "logo" : {
              "area" : [ 0, 10, 483, 34 ]
            },
            "dugme" : {
              "area" : [ 247, 563, 74, 22 ]
            },
            "body" : {
              "area" : [ 0, 10, 483, 598 ]
            },
            "forma" : {
              "area" : [ 158, 286, 166, 302 ]
            },
            "labela" : {
              "area" : [ 161, 289, 150, 18 ]
            },
            "elementListe" : {
              "area" : [ 10, 84, 463, 33 ]
            },
            "sadrzaj" : {
              "area" : [ 0, 266, 483, 342 ]
            }
          },
          "screenshot" : "layout-1-screenshot.png",
          "type" : "layout"
        } ],
        "time" : 1573650446630,
        "type" : "node"
      } ],
      "time" : 1573650435830,
      "type" : "node"
    } ]
  }
}