{
  "testId" : "1-mobilerezervacija.gspec",
  "name" : "mobileRezervacija.gspec",
  "report" : {
    "nodes" : [ {
      "name" : "Simple check",
      "status" : "info",
      "nodes" : [ {
        "name" : "check  mobileRezervacija.gspec --url http://localhost/rezervacija.html --size 550x800 --htmlreport izvjestaji",
        "status" : "info",
        "nodes" : [ {
          "name" : "Check layout: mobileRezervacija.gspec included tags: ",
          "status" : "info",
          "time" : 1573665620739,
          "sections" : [ {
            "name" : "Meni section",
            "place" : {
              "filePath" : "mobileRezervacija.gspec",
              "lineNumber" : 21
            },
            "objects" : [ {
              "name" : "meni",
              "specs" : [ {
                "status" : "info",
                "place" : {
                  "filePath" : "mobileRezervacija.gspec",
                  "lineNumber" : 23
                },
                "name" : "css background-color is \"rgb(173, 216, 230)\"",
                "highlight" : [ "meni" ]
              } ]
            }, {
              "name" : "logo",
              "specs" : [ {
                "status" : "info",
                "place" : {
                  "filePath" : "mobileRezervacija.gspec",
                  "lineNumber" : 25
                },
                "name" : "height 72px",
                "meta" : [ {
                  "from" : {
                    "object" : "logo",
                    "edge" : "top"
                  },
                  "to" : {
                    "object" : "logo",
                    "edge" : "bottom"
                  },
                  "expectedDistance" : "72px",
                  "realDistance" : "72px"
                } ],
                "highlight" : [ "logo" ]
              }, {
                "status" : "info",
                "place" : {
                  "filePath" : "mobileRezervacija.gspec",
                  "lineNumber" : 26
                },
                "name" : "above meni -36px",
                "meta" : [ {
                  "from" : {
                    "object" : "logo",
                    "edge" : "bottom"
                  },
                  "to" : {
                    "object" : "meni",
                    "edge" : "top"
                  },
                  "expectedDistance" : "-36px",
                  "realDistance" : "-36px"
                } ],
                "highlight" : [ "logo", "meni" ]
              } ]
            }, {
              "name" : "slikica",
              "specs" : [ {
                "status" : "info",
                "place" : {
                  "filePath" : "mobileRezervacija.gspec",
                  "lineNumber" : 28
                },
                "name" : "inside logo",
                "meta" : [ ],
                "highlight" : [ "slikica", "logo" ]
              }, {
                "status" : "info",
                "place" : {
                  "filePath" : "mobileRezervacija.gspec",
                  "lineNumber" : 29
                },
                "name" : "centered horizontally inside logo",
                "highlight" : [ "slikica", "logo" ]
              }, {
                "status" : "info",
                "place" : {
                  "filePath" : "mobileRezervacija.gspec",
                  "lineNumber" : 30
                },
                "name" : "height 72px",
                "meta" : [ {
                  "from" : {
                    "object" : "slikica",
                    "edge" : "top"
                  },
                  "to" : {
                    "object" : "slikica",
                    "edge" : "bottom"
                  },
                  "expectedDistance" : "72px",
                  "realDistance" : "72px"
                } ],
                "highlight" : [ "slikica" ]
              }, {
                "status" : "info",
                "place" : {
                  "filePath" : "mobileRezervacija.gspec",
                  "lineNumber" : 31
                },
                "name" : "width 72px",
                "meta" : [ {
                  "from" : {
                    "object" : "slikica",
                    "edge" : "left"
                  },
                  "to" : {
                    "object" : "slikica",
                    "edge" : "right"
                  },
                  "expectedDistance" : "72px",
                  "realDistance" : "72px"
                } ],
                "highlight" : [ "slikica" ]
              } ]
            }, {
              "name" : "ul",
              "specs" : [ {
                "status" : "info",
                "place" : {
                  "filePath" : "mobileRezervacija.gspec",
                  "lineNumber" : 33
                },
                "name" : "centered horizontally inside meni",
                "highlight" : [ "ul", "meni" ]
              } ]
            }, {
              "name" : "li",
              "specs" : [ {
                "status" : "info",
                "place" : {
                  "filePath" : "mobileRezervacija.gspec",
                  "lineNumber" : 35
                },
                "name" : "css display is \"block\"",
                "highlight" : [ "li" ]
              }, {
                "status" : "info",
                "place" : {
                  "filePath" : "mobileRezervacija.gspec",
                  "lineNumber" : 36
                },
                "name" : "css font-family is \"Verdana, Geneva, Tahoma, sans-serif\"",
                "highlight" : [ "li" ]
              } ]
            }, {
              "name" : "a",
              "specs" : [ {
                "status" : "info",
                "place" : {
                  "filePath" : "mobileRezervacija.gspec",
                  "lineNumber" : 38
                },
                "name" : "css color is \"rgb(0, 0, 0)\"",
                "highlight" : [ "a" ]
              } ]
            } ]
          }, {
            "name" : "Main section",
            "place" : {
              "filePath" : "mobileRezervacija.gspec",
              "lineNumber" : 39
            },
            "objects" : [ {
              "name" : "sadrzaj",
              "specs" : [ {
                "status" : "info",
                "place" : {
                  "filePath" : "mobileRezervacija.gspec",
                  "lineNumber" : 41
                },
                "name" : "css background-color is \"rgb(173, 216, 230)\"",
                "highlight" : [ "sadrzaj" ]
              }, {
                "status" : "info",
                "place" : {
                  "filePath" : "mobileRezervacija.gspec",
                  "lineNumber" : 42
                },
                "name" : "below meni",
                "meta" : [ {
                  "from" : {
                    "object" : "sadrzaj",
                    "edge" : "top"
                  },
                  "to" : {
                    "object" : "meni",
                    "edge" : "bottom"
                  },
                  "expectedDistance" : ">= 0px",
                  "realDistance" : "16px"
                } ],
                "highlight" : [ "sadrzaj", "meni" ]
              } ]
            }, {
              "name" : "slobodna",
              "specs" : [ {
                "status" : "info",
                "place" : {
                  "filePath" : "mobileRezervacija.gspec",
                  "lineNumber" : 44
                },
                "name" : "absent",
                "highlight" : [ ]
              } ]
            }, {
              "name" : "zauzeta",
              "specs" : [ {
                "status" : "info",
                "place" : {
                  "filePath" : "mobileRezervacija.gspec",
                  "lineNumber" : 46
                },
                "name" : "css background-color is \"rgb(255, 0, 0)\"",
                "highlight" : [ "zauzeta" ]
              }, {
                "status" : "info",
                "place" : {
                  "filePath" : "mobileRezervacija.gspec",
                  "lineNumber" : 47
                },
                "name" : "height 14px",
                "meta" : [ {
                  "from" : {
                    "object" : "zauzeta",
                    "edge" : "top"
                  },
                  "to" : {
                    "object" : "zauzeta",
                    "edge" : "bottom"
                  },
                  "expectedDistance" : "14px",
                  "realDistance" : "14px"
                } ],
                "highlight" : [ "zauzeta" ]
              } ]
            }, {
              "name" : "velika",
              "specs" : [ {
                "status" : "info",
                "place" : {
                  "filePath" : "mobileRezervacija.gspec",
                  "lineNumber" : 49
                },
                "name" : "css background-color is \"rgb(100, 149, 237)\"",
                "highlight" : [ "velika" ]
              }, {
                "status" : "info",
                "place" : {
                  "filePath" : "mobileRezervacija.gspec",
                  "lineNumber" : 50
                },
                "name" : "inside sadrzaj",
                "meta" : [ ],
                "highlight" : [ "velika", "sadrzaj" ]
              } ]
            }, {
              "name" : "sirina",
              "specs" : [ {
                "status" : "info",
                "place" : {
                  "filePath" : "mobileRezervacija.gspec",
                  "lineNumber" : 52
                },
                "name" : "css display is \"block\"",
                "highlight" : [ "sirina" ]
              }, {
                "status" : "info",
                "place" : {
                  "filePath" : "mobileRezervacija.gspec",
                  "lineNumber" : 53
                },
                "name" : "css font-family is \"Verdana, Geneva, Tahoma, sans-serif\"",
                "highlight" : [ "sirina" ]
              }, {
                "status" : "info",
                "place" : {
                  "filePath" : "mobileRezervacija.gspec",
                  "lineNumber" : 54
                },
                "name" : "width 100px",
                "meta" : [ {
                  "from" : {
                    "object" : "sirina",
                    "edge" : "left"
                  },
                  "to" : {
                    "object" : "sirina",
                    "edge" : "right"
                  },
                  "expectedDistance" : "100px",
                  "realDistance" : "100px"
                } ],
                "highlight" : [ "sirina" ]
              } ]
            }, {
              "name" : "select",
              "specs" : [ {
                "status" : "info",
                "place" : {
                  "filePath" : "mobileRezervacija.gspec",
                  "lineNumber" : 56
                },
                "name" : "width 105px",
                "meta" : [ {
                  "from" : {
                    "object" : "select",
                    "edge" : "left"
                  },
                  "to" : {
                    "object" : "select",
                    "edge" : "right"
                  },
                  "expectedDistance" : "105px",
                  "realDistance" : "105px"
                } ],
                "highlight" : [ "select" ]
              } ]
            }, {
              "name" : "label",
              "specs" : [ {
                "status" : "info",
                "place" : {
                  "filePath" : "mobileRezervacija.gspec",
                  "lineNumber" : 58
                },
                "name" : "css display is \"block\"",
                "highlight" : [ "label" ]
              }, {
                "status" : "info",
                "place" : {
                  "filePath" : "mobileRezervacija.gspec",
                  "lineNumber" : 59
                },
                "name" : "css font-family is \"Verdana, Geneva, Tahoma, sans-serif\"",
                "highlight" : [ "label" ]
              }, {
                "status" : "info",
                "place" : {
                  "filePath" : "mobileRezervacija.gspec",
                  "lineNumber" : 60
                },
                "name" : "width 100px",
                "meta" : [ {
                  "from" : {
                    "object" : "label",
                    "edge" : "left"
                  },
                  "to" : {
                    "object" : "label",
                    "edge" : "right"
                  },
                  "expectedDistance" : "100px",
                  "realDistance" : "100px"
                } ],
                "highlight" : [ "label" ]
              } ]
            }, {
              "name" : "vrijeme",
              "specs" : [ {
                "status" : "info",
                "place" : {
                  "filePath" : "mobileRezervacija.gspec",
                  "lineNumber" : 62
                },
                "name" : "width 105px",
                "meta" : [ {
                  "from" : {
                    "object" : "vrijeme",
                    "edge" : "left"
                  },
                  "to" : {
                    "object" : "vrijeme",
                    "edge" : "right"
                  },
                  "expectedDistance" : "105px",
                  "realDistance" : "105px"
                } ],
                "highlight" : [ "vrijeme" ]
              } ]
            }, {
              "name" : "th",
              "specs" : [ {
                "status" : "info",
                "place" : {
                  "filePath" : "mobileRezervacija.gspec",
                  "lineNumber" : 64
                },
                "name" : "css font-family is \"Verdana, Geneva, Tahoma, sans-serif\"",
                "highlight" : [ "th" ]
              }, {
                "status" : "info",
                "place" : {
                  "filePath" : "mobileRezervacija.gspec",
                  "lineNumber" : 65
                },
                "name" : "css text-align is \"left\"",
                "highlight" : [ "th" ]
              } ]
            }, {
              "name" : "gornja",
              "specs" : [ {
                "status" : "info",
                "place" : {
                  "filePath" : "mobileRezervacija.gspec",
                  "lineNumber" : 67
                },
                "name" : "absent",
                "highlight" : [ ]
              } ]
            }, {
              "name" : "button",
              "specs" : [ {
                "status" : "info",
                "place" : {
                  "filePath" : "mobileRezervacija.gspec",
                  "lineNumber" : 69
                },
                "name" : "css font-family is \"Verdana, Geneva, Tahoma, sans-serif\"",
                "highlight" : [ "button" ]
              }, {
                "status" : "info",
                "place" : {
                  "filePath" : "mobileRezervacija.gspec",
                  "lineNumber" : 70
                },
                "name" : "height 35px",
                "meta" : [ {
                  "from" : {
                    "object" : "button",
                    "edge" : "top"
                  },
                  "to" : {
                    "object" : "button",
                    "edge" : "bottom"
                  },
                  "expectedDistance" : "35px",
                  "realDistance" : "35px"
                } ],
                "highlight" : [ "button" ]
              }, {
                "status" : "info",
                "place" : {
                  "filePath" : "mobileRezervacija.gspec",
                  "lineNumber" : 71
                },
                "name" : "width 100px",
                "meta" : [ {
                  "from" : {
                    "object" : "button",
                    "edge" : "left"
                  },
                  "to" : {
                    "object" : "button",
                    "edge" : "right"
                  },
                  "expectedDistance" : "100px",
                  "realDistance" : "100px"
                } ],
                "highlight" : [ "button" ]
              }, {
                "status" : "info",
                "place" : {
                  "filePath" : "mobileRezervacija.gspec",
                  "lineNumber" : 72
                },
                "name" : "css background-color is \"rgb(100, 149, 237)\"",
                "highlight" : [ "button" ]
              } ]
            } ]
          } ],
          "objects" : {
            "meni" : {
              "area" : [ 0, 36, 522, 205 ]
            },
            "a" : {
              "area" : [ 20, 124, 73, 22 ]
            },
            "vrijeme" : {
              "area" : [ 20, 413, 105, 21 ]
            },
            "select" : {
              "area" : [ 20, 296, 105, 21 ]
            },
            "label" : {
              "area" : [ 20, 277, 100, 19 ]
            },
            "sadrzaj" : {
              "area" : [ 0, 257, 522, 693 ]
            },
            "zauzeta" : {
              "area" : [ 113, 676, 45, 14 ]
            },
            "button" : {
              "area" : [ 20, 895, 100, 35 ]
            },
            "th" : {
              "area" : [ 31, 523, 129, 21 ]
            },
            "ul" : {
              "area" : [ 0, 124, 522, 117 ]
            },
            "logo" : {
              "area" : [ 0, 0, 522, 72 ]
            },
            "sirina" : {
              "area" : [ 20, 277, 100, 19 ]
            },
            "slikica" : {
              "area" : [ 225, 0, 72, 72 ]
            },
            "li" : {
              "area" : [ 20, 124, 502, 22 ]
            },
            "velika" : {
              "area" : [ 20, 512, 152, 364 ]
            }
          },
          "screenshot" : "layout-1-screenshot.png",
          "type" : "layout"
        } ],
        "time" : 1573665616762,
        "type" : "node"
      } ],
      "time" : 1573665609635,
      "type" : "node"
    } ]
  }
}