{
  "testId" : "1-mobilepocetna.gspec",
  "name" : "mobilePocetna.gspec",
  "report" : {
    "nodes" : [ {
      "name" : "Simple check",
      "status" : "info",
      "nodes" : [ {
        "name" : "check  mobilePocetna.gspec --url http://localhost/pocetna.html --size 550x2000 --htmlreport izvjestaji",
        "status" : "info",
        "nodes" : [ {
          "name" : "Check layout: mobilePocetna.gspec included tags: ",
          "status" : "info",
          "time" : 1573665270281,
          "sections" : [ {
            "name" : "Meni section",
            "place" : {
              "filePath" : "mobilePocetna.gspec",
              "lineNumber" : 13
            },
            "objects" : [ {
              "name" : "meni",
              "specs" : [ {
                "status" : "info",
                "place" : {
                  "filePath" : "mobilePocetna.gspec",
                  "lineNumber" : 15
                },
                "name" : "css background-color is \"rgb(173, 216, 230)\"",
                "highlight" : [ "meni" ]
              } ]
            }, {
              "name" : "logo",
              "specs" : [ {
                "status" : "info",
                "place" : {
                  "filePath" : "mobilePocetna.gspec",
                  "lineNumber" : 17
                },
                "name" : "height 72px",
                "meta" : [ {
                  "from" : {
                    "object" : "logo",
                    "edge" : "top"
                  },
                  "to" : {
                    "object" : "logo",
                    "edge" : "bottom"
                  },
                  "expectedDistance" : "72px",
                  "realDistance" : "72px"
                } ],
                "highlight" : [ "logo" ]
              }, {
                "status" : "info",
                "place" : {
                  "filePath" : "mobilePocetna.gspec",
                  "lineNumber" : 18
                },
                "name" : "above meni -36px",
                "meta" : [ {
                  "from" : {
                    "object" : "logo",
                    "edge" : "bottom"
                  },
                  "to" : {
                    "object" : "meni",
                    "edge" : "top"
                  },
                  "expectedDistance" : "-36px",
                  "realDistance" : "-36px"
                } ],
                "highlight" : [ "logo", "meni" ]
              } ]
            }, {
              "name" : "slikica",
              "specs" : [ {
                "status" : "info",
                "place" : {
                  "filePath" : "mobilePocetna.gspec",
                  "lineNumber" : 20
                },
                "name" : "inside logo",
                "meta" : [ ],
                "highlight" : [ "slikica", "logo" ]
              }, {
                "status" : "info",
                "place" : {
                  "filePath" : "mobilePocetna.gspec",
                  "lineNumber" : 21
                },
                "name" : "centered horizontally inside logo",
                "highlight" : [ "slikica", "logo" ]
              }, {
                "status" : "info",
                "place" : {
                  "filePath" : "mobilePocetna.gspec",
                  "lineNumber" : 22
                },
                "name" : "height 72px",
                "meta" : [ {
                  "from" : {
                    "object" : "slikica",
                    "edge" : "top"
                  },
                  "to" : {
                    "object" : "slikica",
                    "edge" : "bottom"
                  },
                  "expectedDistance" : "72px",
                  "realDistance" : "72px"
                } ],
                "highlight" : [ "slikica" ]
              }, {
                "status" : "info",
                "place" : {
                  "filePath" : "mobilePocetna.gspec",
                  "lineNumber" : 23
                },
                "name" : "width 72px",
                "meta" : [ {
                  "from" : {
                    "object" : "slikica",
                    "edge" : "left"
                  },
                  "to" : {
                    "object" : "slikica",
                    "edge" : "right"
                  },
                  "expectedDistance" : "72px",
                  "realDistance" : "72px"
                } ],
                "highlight" : [ "slikica" ]
              } ]
            }, {
              "name" : "ul",
              "specs" : [ {
                "status" : "info",
                "place" : {
                  "filePath" : "mobilePocetna.gspec",
                  "lineNumber" : 25
                },
                "name" : "centered horizontally inside meni",
                "highlight" : [ "ul", "meni" ]
              } ]
            }, {
              "name" : "li",
              "specs" : [ {
                "status" : "info",
                "place" : {
                  "filePath" : "mobilePocetna.gspec",
                  "lineNumber" : 27
                },
                "name" : "css display is \"block\"",
                "highlight" : [ "li" ]
              }, {
                "status" : "info",
                "place" : {
                  "filePath" : "mobilePocetna.gspec",
                  "lineNumber" : 28
                },
                "name" : "css font-family is \"Verdana, Geneva, Tahoma, sans-serif\"",
                "highlight" : [ "li" ]
              } ]
            }, {
              "name" : "a",
              "specs" : [ {
                "status" : "info",
                "place" : {
                  "filePath" : "mobilePocetna.gspec",
                  "lineNumber" : 30
                },
                "name" : "css color is \"rgb(0, 0, 0)\"",
                "highlight" : [ "a" ]
              } ]
            } ]
          }, {
            "name" : "Main section",
            "place" : {
              "filePath" : "mobilePocetna.gspec",
              "lineNumber" : 31
            },
            "objects" : [ {
              "name" : "sadrzaj",
              "specs" : [ {
                "status" : "info",
                "place" : {
                  "filePath" : "mobilePocetna.gspec",
                  "lineNumber" : 33
                },
                "name" : "css background-color is \"rgb(173, 216, 230)\"",
                "highlight" : [ "sadrzaj" ]
              }, {
                "status" : "info",
                "place" : {
                  "filePath" : "mobilePocetna.gspec",
                  "lineNumber" : 34
                },
                "name" : "below meni",
                "meta" : [ {
                  "from" : {
                    "object" : "sadrzaj",
                    "edge" : "top"
                  },
                  "to" : {
                    "object" : "meni",
                    "edge" : "bottom"
                  },
                  "expectedDistance" : ">= 0px",
                  "realDistance" : "16px"
                } ],
                "highlight" : [ "sadrzaj", "meni" ]
              } ]
            }, {
              "name" : "slajba",
              "specs" : [ {
                "status" : "info",
                "place" : {
                  "filePath" : "mobilePocetna.gspec",
                  "lineNumber" : 36
                },
                "name" : "height 240px",
                "meta" : [ {
                  "from" : {
                    "object" : "slajba",
                    "edge" : "top"
                  },
                  "to" : {
                    "object" : "slajba",
                    "edge" : "bottom"
                  },
                  "expectedDistance" : "240px",
                  "realDistance" : "240px"
                } ],
                "highlight" : [ "slajba" ]
              }, {
                "status" : "info",
                "place" : {
                  "filePath" : "mobilePocetna.gspec",
                  "lineNumber" : 37
                },
                "name" : "width  320px",
                "meta" : [ {
                  "from" : {
                    "object" : "slajba",
                    "edge" : "left"
                  },
                  "to" : {
                    "object" : "slajba",
                    "edge" : "right"
                  },
                  "expectedDistance" : "320px",
                  "realDistance" : "320px"
                } ],
                "highlight" : [ "slajba" ]
              }, {
                "status" : "info",
                "place" : {
                  "filePath" : "mobilePocetna.gspec",
                  "lineNumber" : 38
                },
                "name" : "inside item1",
                "meta" : [ ],
                "highlight" : [ "slajba", "item1" ]
              }, {
                "status" : "info",
                "place" : {
                  "filePath" : "mobilePocetna.gspec",
                  "lineNumber" : 39
                },
                "name" : "centered horizontally inside item1",
                "highlight" : [ "slajba", "item1" ]
              } ]
            }, {
              "name" : "grid-container",
              "specs" : [ {
                "status" : "info",
                "place" : {
                  "filePath" : "mobilePocetna.gspec",
                  "lineNumber" : 41
                },
                "name" : "css display is \"grid\"",
                "highlight" : [ "grid-container" ]
              }, {
                "status" : "info",
                "place" : {
                  "filePath" : "mobilePocetna.gspec",
                  "lineNumber" : 42
                },
                "name" : "inside sadrzaj",
                "meta" : [ ],
                "highlight" : [ "grid-container", "sadrzaj" ]
              }, {
                "status" : "info",
                "place" : {
                  "filePath" : "mobilePocetna.gspec",
                  "lineNumber" : 43
                },
                "name" : "centered horizontally inside sadrzaj",
                "highlight" : [ "grid-container", "sadrzaj" ]
              } ]
            }, {
              "name" : "item1",
              "specs" : [ {
                "status" : "info",
                "place" : {
                  "filePath" : "mobilePocetna.gspec",
                  "lineNumber" : 45
                },
                "name" : "height 340px",
                "meta" : [ {
                  "from" : {
                    "object" : "item1",
                    "edge" : "top"
                  },
                  "to" : {
                    "object" : "item1",
                    "edge" : "bottom"
                  },
                  "expectedDistance" : "340px",
                  "realDistance" : "340px"
                } ],
                "highlight" : [ "item1" ]
              }, {
                "status" : "info",
                "place" : {
                  "filePath" : "mobilePocetna.gspec",
                  "lineNumber" : 46
                },
                "name" : "css background-color is \"rgba(255, 255, 255, 0.8)\"",
                "highlight" : [ "item1" ]
              } ]
            } ]
          } ],
          "objects" : {
            "meni" : {
              "area" : [ 0, 36, 522, 205 ]
            },
            "a" : {
              "area" : [ 20, 124, 73, 22 ]
            },
            "item1" : {
              "area" : [ 0, 257, 522, 340 ]
            },
            "ul" : {
              "area" : [ 0, 124, 522, 117 ]
            },
            "logo" : {
              "area" : [ 0, 0, 522, 72 ]
            },
            "grid-container" : {
              "area" : [ 0, 257, 522, 3490 ]
            },
            "slikica" : {
              "area" : [ 225, 0, 72, 72 ]
            },
            "li" : {
              "area" : [ 20, 124, 502, 22 ]
            },
            "slajba" : {
              "area" : [ 101, 307, 320, 240 ]
            },
            "sadrzaj" : {
              "area" : [ 0, 257, 522, 3490 ]
            }
          },
          "screenshot" : "layout-1-screenshot.png",
          "type" : "layout"
        } ],
        "time" : 1573665266344,
        "type" : "node"
      } ],
      "time" : 1573665259754,
      "type" : "node"
    } ]
  }
}