{
  "testId" : "1-mobilesale.gspec",
  "name" : "mobileSale.gspec",
  "report" : {
    "nodes" : [ {
      "name" : "Simple check",
      "status" : "info",
      "nodes" : [ {
        "name" : "check  mobileSale.gspec --url http://localhost/sale.html --size 550x800 --htmlreport izvjestaji",
        "status" : "info",
        "nodes" : [ {
          "name" : "Check layout: mobileSale.gspec included tags: ",
          "status" : "info",
          "time" : 1573665583828,
          "sections" : [ {
            "name" : "Meni section",
            "place" : {
              "filePath" : "mobileSale.gspec",
              "lineNumber" : 21
            },
            "objects" : [ {
              "name" : "meni",
              "specs" : [ {
                "status" : "info",
                "place" : {
                  "filePath" : "mobileSale.gspec",
                  "lineNumber" : 23
                },
                "name" : "css background-color is \"rgb(173, 216, 230)\"",
                "highlight" : [ "meni" ]
              } ]
            }, {
              "name" : "logo",
              "specs" : [ {
                "status" : "info",
                "place" : {
                  "filePath" : "mobileSale.gspec",
                  "lineNumber" : 25
                },
                "name" : "height 72px",
                "meta" : [ {
                  "from" : {
                    "object" : "logo",
                    "edge" : "top"
                  },
                  "to" : {
                    "object" : "logo",
                    "edge" : "bottom"
                  },
                  "expectedDistance" : "72px",
                  "realDistance" : "72px"
                } ],
                "highlight" : [ "logo" ]
              }, {
                "status" : "info",
                "place" : {
                  "filePath" : "mobileSale.gspec",
                  "lineNumber" : 26
                },
                "name" : "above meni -36px",
                "meta" : [ {
                  "from" : {
                    "object" : "logo",
                    "edge" : "bottom"
                  },
                  "to" : {
                    "object" : "meni",
                    "edge" : "top"
                  },
                  "expectedDistance" : "-36px",
                  "realDistance" : "-36px"
                } ],
                "highlight" : [ "logo", "meni" ]
              } ]
            }, {
              "name" : "slikica",
              "specs" : [ {
                "status" : "info",
                "place" : {
                  "filePath" : "mobileSale.gspec",
                  "lineNumber" : 28
                },
                "name" : "inside logo",
                "meta" : [ ],
                "highlight" : [ "slikica", "logo" ]
              }, {
                "status" : "info",
                "place" : {
                  "filePath" : "mobileSale.gspec",
                  "lineNumber" : 29
                },
                "name" : "centered horizontally inside logo",
                "highlight" : [ "slikica", "logo" ]
              }, {
                "status" : "info",
                "place" : {
                  "filePath" : "mobileSale.gspec",
                  "lineNumber" : 30
                },
                "name" : "height 72px",
                "meta" : [ {
                  "from" : {
                    "object" : "slikica",
                    "edge" : "top"
                  },
                  "to" : {
                    "object" : "slikica",
                    "edge" : "bottom"
                  },
                  "expectedDistance" : "72px",
                  "realDistance" : "72px"
                } ],
                "highlight" : [ "slikica" ]
              }, {
                "status" : "info",
                "place" : {
                  "filePath" : "mobileSale.gspec",
                  "lineNumber" : 31
                },
                "name" : "width 72px",
                "meta" : [ {
                  "from" : {
                    "object" : "slikica",
                    "edge" : "left"
                  },
                  "to" : {
                    "object" : "slikica",
                    "edge" : "right"
                  },
                  "expectedDistance" : "72px",
                  "realDistance" : "72px"
                } ],
                "highlight" : [ "slikica" ]
              } ]
            }, {
              "name" : "ul",
              "specs" : [ {
                "status" : "info",
                "place" : {
                  "filePath" : "mobileSale.gspec",
                  "lineNumber" : 33
                },
                "name" : "centered horizontally inside meni",
                "highlight" : [ "ul", "meni" ]
              } ]
            }, {
              "name" : "li",
              "specs" : [ {
                "status" : "info",
                "place" : {
                  "filePath" : "mobileSale.gspec",
                  "lineNumber" : 35
                },
                "name" : "css display is \"block\"",
                "highlight" : [ "li" ]
              }, {
                "status" : "info",
                "place" : {
                  "filePath" : "mobileSale.gspec",
                  "lineNumber" : 36
                },
                "name" : "css font-family is \"Verdana, Geneva, Tahoma, sans-serif\"",
                "highlight" : [ "li" ]
              } ]
            }, {
              "name" : "a",
              "specs" : [ {
                "status" : "info",
                "place" : {
                  "filePath" : "mobileSale.gspec",
                  "lineNumber" : 38
                },
                "name" : "css color is \"rgb(0, 0, 0)\"",
                "highlight" : [ "a" ]
              } ]
            } ]
          }, {
            "name" : "Main section",
            "place" : {
              "filePath" : "mobileSale.gspec",
              "lineNumber" : 40
            },
            "objects" : [ {
              "name" : "sadrzaj",
              "specs" : [ {
                "status" : "info",
                "place" : {
                  "filePath" : "mobileSale.gspec",
                  "lineNumber" : 42
                },
                "name" : "css background-color is \"rgb(173, 216, 230)\"",
                "highlight" : [ "sadrzaj" ]
              }, {
                "status" : "info",
                "place" : {
                  "filePath" : "mobileSale.gspec",
                  "lineNumber" : 43
                },
                "name" : "below meni",
                "meta" : [ {
                  "from" : {
                    "object" : "sadrzaj",
                    "edge" : "top"
                  },
                  "to" : {
                    "object" : "meni",
                    "edge" : "bottom"
                  },
                  "expectedDistance" : ">= 0px",
                  "realDistance" : "16px"
                } ],
                "highlight" : [ "sadrzaj", "meni" ]
              } ]
            }, {
              "name" : "slobodnaSala",
              "specs" : [ {
                "status" : "info",
                "place" : {
                  "filePath" : "mobileSale.gspec",
                  "lineNumber" : 45
                },
                "name" : "css background-color is \"rgb(0, 128, 0)\"",
                "highlight" : [ "slobodnaSala" ]
              } ]
            }, {
              "name" : "zauzetaSala",
              "specs" : [ {
                "status" : "info",
                "place" : {
                  "filePath" : "mobileSale.gspec",
                  "lineNumber" : 47
                },
                "name" : "css background-color is \"rgb(255, 0, 0)\"",
                "highlight" : [ "zauzetaSala" ]
              } ]
            }, {
              "name" : "kancelarija",
              "specs" : [ {
                "status" : "info",
                "place" : {
                  "filePath" : "mobileSale.gspec",
                  "lineNumber" : 49
                },
                "name" : "css background-color is \"rgb(128, 128, 128)\"",
                "highlight" : [ "kancelarija" ]
              } ]
            }, {
              "name" : "sala",
              "specs" : [ {
                "status" : "info",
                "place" : {
                  "filePath" : "mobileSale.gspec",
                  "lineNumber" : 51
                },
                "name" : "css background-color is \"rgb(255, 255, 255)\"",
                "highlight" : [ "sala" ]
              } ]
            }, {
              "name" : "tabelaSala",
              "specs" : [ {
                "status" : "info",
                "place" : {
                  "filePath" : "mobileSale.gspec",
                  "lineNumber" : 53
                },
                "name" : "inside sadrzaj",
                "meta" : [ ],
                "highlight" : [ "tabelaSala", "sadrzaj" ]
              }, {
                "status" : "info",
                "place" : {
                  "filePath" : "mobileSale.gspec",
                  "lineNumber" : 54
                },
                "name" : "centered horizontally inside sadrzaj",
                "highlight" : [ "tabelaSala", "sadrzaj" ]
              }, {
                "status" : "info",
                "place" : {
                  "filePath" : "mobileSale.gspec",
                  "lineNumber" : 55
                },
                "name" : "height 300px",
                "meta" : [ {
                  "from" : {
                    "object" : "tabelaSala",
                    "edge" : "top"
                  },
                  "to" : {
                    "object" : "tabelaSala",
                    "edge" : "bottom"
                  },
                  "expectedDistance" : "300px",
                  "realDistance" : "300px"
                } ],
                "highlight" : [ "tabelaSala" ]
              }, {
                "status" : "info",
                "place" : {
                  "filePath" : "mobileSale.gspec",
                  "lineNumber" : 56
                },
                "name" : "width 220px",
                "meta" : [ {
                  "from" : {
                    "object" : "tabelaSala",
                    "edge" : "left"
                  },
                  "to" : {
                    "object" : "tabelaSala",
                    "edge" : "right"
                  },
                  "expectedDistance" : "220px",
                  "realDistance" : "220px"
                } ],
                "highlight" : [ "tabelaSala" ]
              } ]
            }, {
              "name" : "headerSprat",
              "specs" : [ {
                "status" : "info",
                "place" : {
                  "filePath" : "mobileSale.gspec",
                  "lineNumber" : 58
                },
                "name" : "absent",
                "highlight" : [ ]
              } ]
            }, {
              "name" : "headerRedni",
              "specs" : [ {
                "status" : "info",
                "place" : {
                  "filePath" : "mobileSale.gspec",
                  "lineNumber" : 60
                },
                "name" : "absent",
                "highlight" : [ ]
              } ]
            } ]
          } ],
          "objects" : {
            "meni" : {
              "area" : [ 0, 36, 539, 205 ]
            },
            "a" : {
              "area" : [ 20, 124, 73, 22 ]
            },
            "zauzetaSala" : {
              "area" : [ 319, 280, 60, 32 ]
            },
            "sala" : {
              "area" : [ 159, 280, 41, 32 ]
            },
            "ul" : {
              "area" : [ 0, 124, 539, 117 ]
            },
            "logo" : {
              "area" : [ 0, 0, 539, 72 ]
            },
            "slikica" : {
              "area" : [ 233, 0, 72, 72 ]
            },
            "li" : {
              "area" : [ 20, 124, 519, 22 ]
            },
            "sadrzaj" : {
              "area" : [ 0, 257, 539, 340 ]
            },
            "kancelarija" : {
              "area" : [ 201, 379, 41, 32 ]
            },
            "slobodnaSala" : {
              "area" : [ 319, 313, 60, 32 ]
            },
            "tabelaSala" : {
              "area" : [ 159, 277, 220, 300 ]
            }
          },
          "screenshot" : "layout-1-screenshot.png",
          "type" : "layout"
        } ],
        "time" : 1573665580307,
        "type" : "node"
      } ],
      "time" : 1573665573652,
      "type" : "node"
    } ]
  }
}